Workbook

Sheet Session_NOT_matched_to_nlc_reg
A1: export_id | B1: match_type | C1: match_by | D1: Flocknote ID | E1: First Name | F1: Last Name | G1: Confirmation Number | H1: Gender Identity, Homosexuality, and Same Sex Attraction Dialogue | I1: Contraception/IVF/Abortion Dialogue | J1: Immigration Dialogue | K1: Signed Up Date
A2: export_34580ee0c2ad | E2: Dave | F2: Guirao | G2: Q8TH7 | I2: X | K2: 46048.52 | L2: Duplicate
A3: export_aace8726b921 | D3: F-C3NM62 | E3: Vince Claudette | F3: WEST | G3: G8ZT7 | H3: X | K3: 46054.869
A4: export_fd6284622379 | D4: F-H2PC33 | E4: Mel Tess | F4: Ebrada | G4: J86V9 | J4: X | K4: 46058.753 | L4: Duplicate

Sheet Session_matched_to_nlc_reg
A1: nlc_id | B1: match_type | C1: match_by | D1: Flocknote ID | E1: First Name | F1: Last Name | G1: Confirmation Number | H1: Gender Identity, Homosexuality, and Same Sex Attraction Dialogue | I1: Contraception/IVF/Abortion Dialogue | J1: Immigration Dialogue | K1: Signed Up Date | L1: NLC Name | M1: NLC Last Name | N1: NLC Email
A2: nlc_5926f7f983b4 | B2: exact_match | C2: name | D2: F-P9NK5C | E2: Pura | F2: Abadejos | G2: X96N6 | J2: X | K2: 46061.172 | L2: =VLOOKUP(A2,nlc_registration!A:G,5,0) -> Pura | M2: =VLOOKUP(A2,nlc_registration!A:G,6,0) -> Abadejos | N2: =VLOOKUP(A2,nlc_registration!A:G,7,0) -> pura_abdjs@yahoo.com
A3: nlc_ab1b2ba021fd | B3: exact_match | C3: name | D3: F-N2VZ7L | E3: Dylyn | F3: Abella | G3: L5CV7 | H3: X | K3: 46058.799 | L3: =VLOOKUP(A3,nlc_registration!A:G,5,0) -> Dylyn | M3: =VLOOKUP(A3,nlc_registration!A:G,6,0) -> Abella | N3: =VLOOKUP(A3,nlc_registration!A:G,7,0) -> abelladylyn@gmail.com
A4: nlc_09d58ed2c463 | B4: exact_match | C4: name | D4: F-G4TX3G | E4: Joanna | F4: Ablaza | G4: J25H8 | J4: X | K4: 46058.892 | L4: =VLOOKUP(A4,nlc_registration!A:G,5,0) -> Joanna | M4: =VLOOKUP(A4,nlc_registration!A:G,6,0) -> Ablaza | N4: =VLOOKUP(A4,nlc_registration!A:G,7,0) -> joanna.ablaza@gmail.com
A5: nlc_2212a8322395 | B5: exact_match | C5: name | D5: F-N9XH3Z | E5: Melvin | F5: Ablaza | G5: J46W6 | H5: X | K5: 46058.801 | L5: =VLOOKUP(A5,nlc_registration!A:G,5,0) -> Melvin | M5: =VLOOKUP(A5,nlc_registration!A:G,6,0) -> Ablaza | N5: =VLOOKUP(A5,nlc_registration!A:G,7,0) -> mablaza@gmail.com
A6: nlc_e6a68626aa7e | B6: exact_match | C6: name | D6: F-G8TK7M | E6: Duane | F6: Absuelo | G6: T37M4 | H6: X | K6: 46062.733 | L6: =VLOOKUP(A6,nlc_registration!A:G,5,0) -> DUANE | M6: =VLOOKUP(A6,nlc_registration!A:G,6,0) -> ABSUELO | N6: =VLOOKUP(A6,nlc_registration!A:G,7,0) -> duane.absuelo@couplesforchristusa.org
A7: nlc_2c877ac58dce | B7: exact_match | C7: name | D7: F-W9PF8K | E7: VIVIENNE | F7: ABSUELO | G7: D5VL8 | H7: X | K7: 46062.764 | L7: =VLOOKUP(A7,nlc_registration!A:G,5,0) -> VIVIENNE | M7: =VLOOKUP(A7,nlc_registration!A:G,6,0) -> ABSUELO | N7: =VLOOKUP(A7,nlc_registration!A:G,7,0) -> absuelovivienne@yahoo.com
A8: nlc_f13acc28e4b3 | B8: exact_match | C8: name | D8: F-Q3QM7P | E8: Norma | F8: Acebo | G8: Z72V2 | H8: X | K8: 46048.56 | L8: =VLOOKUP(A8,nlc_registration!A:G,5,0) -> Norma | M8: =VLOOKUP(A8,nlc_registration!A:G,6,0) -> Acebo | N8: =VLOOKUP(A8,nlc_registration!A:G,7,0) -> nacebo1118@gmail.com
A9: nlc_d43b2f9ed4f9 | B9: exact_match | C9: name | D9: F-F3JH2F | E9: Pamela | F9: Acebo | G9: M5XV2 | J9: X | K9: 46063.984 | L9: =VLOOKUP(A9,nlc_registration!A:G,5,0) -> Pamela | M9: =VLOOKUP(A9,nlc_registration!A:G,6,0) -> Acebo | N9: =VLOOKUP(A9,nlc_registration!A:G,7,0) -> spacebo@gmail.com
A10: nlc_e6ec2da492a6 | B10: exact_match | C10: name | D10: F-H75G39 | E10: Steven | F10: Acebo | G10: M5XV2 | J10: X | K10: 46063.984 | L10: =VLOOKUP(A10,nlc_registration!A:G,5,0) -> Steven | M10: =VLOOKUP(A10,nlc_registration!A:G,6,0) -> Acebo | N10: =VLOOKUP(A10,nlc_registration!A:G,7,0) -> spacebo@gmail.com
A11: nlc_5e024e432309 | B11: exact_match | C11: name | D11: F-P58F7N | E11: Nilo | F11: Alazas | G11: G7CS2 | H11: X | K11: 46070.376 | L11: =VLOOKUP(A11,nlc_registration!A:G,5,0) -> Nilo | M11: =VLOOKUP(A11,nlc_registration!A:G,6,0) -> Alazas | N11: =VLOOKUP(A11,nlc_registration!A:G,7,0) -> niloalazas@gmail.com
A12: nlc_859e65c3f5e3 | B12: exact_match | C12: name | D12: F-Q4KG2R | E12: Raul | F12: Alcaraz | G12: X8GG8 | H12: X | K12: 46048.672 | L12: =VLOOKUP(A12,nlc_registration!A:G,5,0) -> Raul | M12: =VLOOKUP(A12,nlc_registration!A:G,6,0) -> Alcaraz | N12: =VLOOKUP(A12,nlc_registration!A:G,7,0) -> raulgigicfcy@gmail.com
A13: nlc_4360b21d37ff | B13: exact_match | C13: name | D13: F-N2DQ43 | E13: ALEX | F13: ALGARME | G13: F8ZT9 | I13: X | K13: 46051.777 | L13: =VLOOKUP(A13,nlc_registration!A:G,5,0) -> Alex | M13: =VLOOKUP(A13,nlc_registration!A:G,6,0) -> Algarme | N13: =VLOOKUP(A13,nlc_registration!A:G,7,0) -> alex.algarme@couplesforchristusa.org
A14: nlc_d66ca3e5fde5 | B14: exact_match | C14: name | E14: Enely | F14: Algarme | G14: F8ZT9 | I14: X | K14: 46051.777 | L14: =VLOOKUP(A14,nlc_registration!A:G,5,0) -> Enely | M14: =VLOOKUP(A14,nlc_registration!A:G,6,0) -> Algarme | N14: =VLOOKUP(A14,nlc_registration!A:G,7,0) -> enelyalgarme@yahoo.com
A15: nlc_2db568bc97a6 | B15: exact_match | C15: name | D15: F-T5WS83 | E15: DODJIE | F15: ALLAREY | G15: V28S9 | J15: X | K15: 46067.788 | L15: =VLOOKUP(A15,nlc_registration!A:G,5,0) -> DOdjie | M15: =VLOOKUP(A15,nlc_registration!A:G,6,0) -> ALLAREY | N15: =VLOOKUP(A15,nlc_registration!A:G,7,0) -> dodjie.allarey@couplesforchristusa.org
A16: nlc_463908e2f5b0 | B16: exact_match | C16: name | D16: F-N7HZ8K | E16: Judy | F16: Allarey | G16: R84R5 | J16: X | K16: 46069.305 | L16: =VLOOKUP(A16,nlc_registration!A:G,5,0) -> Judy | M16: =VLOOKUP(A16,nlc_registration!A:G,6,0) -> Allarey | N16: =VLOOKUP(A16,nlc_registration!A:G,7,0) -> judy.allarey@couplesforchristusa.org
A17: nlc_f82adac1b306 | B17: exact_match | C17: name | D17: F-P8ZD8P | E17: helen | F17: ancheta | G17: M35C7 | H17: X | K17: 46058.815 | L17: =VLOOKUP(A17,nlc_registration!A:G,5,0) -> helen | M17: =VLOOKUP(A17,nlc_registration!A:G,6,0) -> ancheta | N17: =VLOOKUP(A17,nlc_registration!A:G,7,0) -> vernon_helen@yahoo.ckm
A18: nlc_39d7dc350eec | B18: exact_match | C18: name | D18: F-X6RV95 | E18: vernon | F18: ancheta | G18: F76W3 | J18: X | K18: 46067.322 | L18: =VLOOKUP(A18,nlc_registration!A:G,5,0) -> vernon | M18: =VLOOKUP(A18,nlc_registration!A:G,6,0) -> ancheta | N18: =VLOOKUP(A18,nlc_registration!A:G,7,0) -> vernon_helen@yahoo.com
A19: nlc_034fee7ba0c5 | B19: exact_match | C19: name | D19: F-Z9VK3K | E19: ALDEN | F19: ARCOS | G19: L9KW4 | J19: X | K19: 46061.824 | L19: =VLOOKUP(A19,nlc_registration!A:G,5,0) -> ALDEN | M19: =VLOOKUP(A19,nlc_registration!A:G,6,0) -> ARCOS | N19: =VLOOKUP(A19,nlc_registration!A:G,7,0) -> alden315@msn.com
A20: nlc_9f1f286c6b48 | B20: exact_match | C20: name | D20: F-S3WQ73 | E20: Lilian | F20: Austria | G20: W95V9 | I20: X | K20: 46058.801 | L20: =VLOOKUP(A20,nlc_registration!A:G,5,0) -> Lilian | M20: =VLOOKUP(A20,nlc_registration!A:G,6,0) -> Austria | N20: =VLOOKUP(A20,nlc_registration!A:G,7,0) -> lilianaustria4@gmail.com
A21: nlc_0f516f01cbc1 | B21: exact_match | C21: name | D21: F-H6CB5K | E21: JOSEPHINE | F21: Baisac | G21: V46N8 | H21: X | K21: 46048.361 | L21: =VLOOKUP(A21,nlc_registration!A:G,5,0) -> Josephine | M21: =VLOOKUP(A21,nlc_registration!A:G,6,0) -> Baisac | N21: =VLOOKUP(A21,nlc_registration!A:G,7,0) -> baisacjosephine@yahoo.com
A22: nlc_e89d6d394b12 | B22: exact_match | C22: name | D22: F-G2ZP3S | E22: Jerry | F22: Balansag | G22: Q78K6 | H22: X | K22: 46067.712 | L22: =VLOOKUP(A22,nlc_registration!A:G,5,0) -> Jerry | M22: =VLOOKUP(A22,nlc_registration!A:G,6,0) -> Balansag | N22: =VLOOKUP(A22,nlc_registration!A:G,7,0) -> jerryb1031@live.con
A23: nlc_121e7c91a67d | B23: exact_match | C23: name | D23: F-M36Q79 | E23: Michelle | F23: Balansag | G23: B7WC4 | J23: X | K23: 46067.708 | L23: =VLOOKUP(A23,nlc_registration!A:G,5,0) -> Michelle | M23: =VLOOKUP(A23,nlc_registration!A:G,6,0) -> Balansag | N23: =VLOOKUP(A23,nlc_registration!A:G,7,0) -> mykel818@hotmail.com
A24: nlc_2f740be488dd | B24: exact_match | C24: name | D24: F-F3HM3R | E24: Joy | F24: Banasan | G24: J2PD4 | H24: X | K24: 46058.798 | L24: =VLOOKUP(A24,nlc_registration!A:G,5,0) -> Joy | M24: =VLOOKUP(A24,nlc_registration!A:G,6,0) -> Banasan | N24: =VLOOKUP(A24,nlc_registration!A:G,7,0) -> pjbanasan@gmail.com
A25: nlc_71ad212572d6 | B25: exact_match | C25: name | D25: F-D64X6X | E25: PIDZ | F25: BANASAN | G25: X48F4 | J25: X | K25: 46060.91 | L25: =VLOOKUP(A25,nlc_registration!A:G,5,0) -> Pidz | M25: =VLOOKUP(A25,nlc_registration!A:G,6,0) -> Banasan | N25: =VLOOKUP(A25,nlc_registration!A:G,7,0) -> pjbanasan@gmail.com
A26: nlc_565d240f5343 | B26: exact_match | C26: name | E26: thpob77@gmail.com | G26: B76W4 | J26: X | K26: 46059.933 | L26: =VLOOKUP(A26,nlc_registration!A:G,5,0) -> 0 | M26: =VLOOKUP(A26,nlc_registration!A:G,6,0) -> 0 | N26: =VLOOKUP(A26,nlc_registration!A:G,7,0) -> 0
A27: nlc_98e80b7604ce | B27: exact_match | C27: name | D27: F-X3DN89 | E27: Arthur | F27: Barlaan | G27: N5RK8 | I27: X | K27: 46057.831 | L27: =VLOOKUP(A27,nlc_registration!A:G,5,0) -> Arthur | M27: =VLOOKUP(A27,nlc_registration!A:G,6,0) -> Barlaan | N27: =VLOOKUP(A27,nlc_registration!A:G,7,0) -> arthurbarlaan@couplesforchristflorida.org
A28: nlc_588243224bda | B28: exact_match | C28: name | D28: F-W3BJ8P | E28: Joy | F28: Barlaan | G28: G2TZ5 | H28: X | K28: 46057.833 | L28: =VLOOKUP(A28,nlc_registration!A:G,5,0) -> Joy | M28: =VLOOKUP(A28,nlc_registration!A:G,6,0) -> Barlaan | N28: =VLOOKUP(A28,nlc_registration!A:G,7,0) -> joylb59@gmail.com
A29: nlc_d1ef9f5ba94d | B29: exact_match | C29: name | D29: F-V2WL36 | E29: Chay | F29: Barrios | G29: W57D5 | H29: X | K29: 46061.426 | L29: =VLOOKUP(A29,nlc_registration!A:G,5,0) -> Chay | M29: =VLOOKUP(A29,nlc_registration!A:G,6,0) -> Barrios | N29: =VLOOKUP(A29,nlc_registration!A:G,7,0) -> chaybarrios@gmail.com
A30: nlc_d7ab8231122a | B30: exact_match | C30: name | D30: F-R79L79 | E30: Orlando | F30: Batongbakal | G30: B7BR5 | J30: X | K30: 46059.151 | L30: =VLOOKUP(A30,nlc_registration!A:G,5,0) -> Orlando | M30: =VLOOKUP(A30,nlc_registration!A:G,6,0) -> Batongbakal | N30: =VLOOKUP(A30,nlc_registration!A:G,7,0) -> orlybaton@gmail.com
A31: nlc_f2d383817aa3 | B31: exact_match | C31: name | D31: F-F6KC4F | E31: Arnel | F31: Bautista | G31: R69H4 | H31: X | K31: 46059.464 | L31: =VLOOKUP(A31,nlc_registration!A:G,5,0) -> Arnel | M31: =VLOOKUP(A31,nlc_registration!A:G,6,0) -> Bautista | N31: =VLOOKUP(A31,nlc_registration!A:G,7,0) -> avbautista@yahoo.com
A32: nlc_f2dd3c141e67 | B32: exact_match | C32: name | E32: Joy | F32: Bautista | G32: R69H4 | H32: X | K32: 46059.464 | L32: =VLOOKUP(A32,nlc_registration!A:G,5,0) -> Joy | M32: =VLOOKUP(A32,nlc_registration!A:G,6,0) -> Bautista | N32: =VLOOKUP(A32,nlc_registration!A:G,7,0) -> jdlbautista@gmail.com
A33: nlc_90a62c02a29c | B33: exact_match | C33: name | D33: F-D46N4D | E33: Imelda | F33: Beltran | G33: S9ZT5 | I33: X | K33: 46058.843 | L33: =VLOOKUP(A33,nlc_registration!A:G,5,0) -> Imelda | M33: =VLOOKUP(A33,nlc_registration!A:G,6,0) -> Beltran | N33: =VLOOKUP(A33,nlc_registration!A:G,7,0) -> bima83@att.net
A34: nlc_5d7b7acb182e | B34: exact_match | C34: name | D34: F-J38R9K | E34: Mike | F34: Bermudo | G34: X8RG5 | H34: X | K34: 46048.446 | L34: =VLOOKUP(A34,nlc_registration!A:G,5,0) -> Mike | M34: =VLOOKUP(A34,nlc_registration!A:G,6,0) -> Bermudo | N34: =VLOOKUP(A34,nlc_registration!A:G,7,0) -> mike.bermudo@gmail.com
A35: nlc_6471b52eb458 | B35: exact_match | C35: name | E35: Ayrah | F35: Bermudo | G35: X8RG5 | H35: X | K35: 46048.446 | L35: =VLOOKUP(A35,nlc_registration!A:G,5,0) -> Ayrah | M35: =VLOOKUP(A35,nlc_registration!A:G,6,0) -> Bermudo | N35: =VLOOKUP(A35,nlc_registration!A:G,7,0) -> ayrahbermudo1@gmail.com
A36: nlc_bc70c297ca36 | B36: exact_match | C36: name | D36: F-Q3HR2F | E36: Neldred | F36: Bracamonte | G36: S5CW4 | I36: X | K36: 46058.847 | L36: =VLOOKUP(A36,nlc_registration!A:G,5,0) -> Neldred | M36: =VLOOKUP(A36,nlc_registration!A:G,6,0) -> Bracamonte | N36: =VLOOKUP(A36,nlc_registration!A:G,7,0) -> littlebrax@yahoo.com
A37: nlc_2ad8e4fb06a7 | B37: exact_match | C37: name | D37: F-T5RL7R | E37: Val | F37: Bracamonte | G37: P2ZX6 | J37: X | K37: 46068.688 | L37: =VLOOKUP(A37,nlc_registration!A:G,5,0) -> Val | M37: =VLOOKUP(A37,nlc_registration!A:G,6,0) -> Bracamonte | N37: =VLOOKUP(A37,nlc_registration!A:G,7,0) -> val_brax@yahoo.com
A38: nlc_baca07483e40 | B38: exact_match | C38: name | D38: F-T2WZ4W | E38: Lorraine | F38: Buhay | G38: P9XZ9 | H38: X | K38: 46067.712 | L38: =VLOOKUP(A38,nlc_registration!A:G,5,0) -> Lorraine | M38: =VLOOKUP(A38,nlc_registration!A:G,6,0) -> Buhay | N38: =VLOOKUP(A38,nlc_registration!A:G,7,0) -> cincodmayo@gmail.com
A39: nlc_ee909c455df1 | B39: exact_match | C39: name | D39: F-V4QS98 | E39: Shirley | F39: Cabrera | G39: R8SJ5 | H39: X | K39: 46048.747 | L39: =VLOOKUP(A39,nlc_registration!A:G,5,0) -> Shirley | M39: =VLOOKUP(A39,nlc_registration!A:G,6,0) -> Cabrera | N39: =VLOOKUP(A39,nlc_registration!A:G,7,0) -> shirley@thecabreradesigngroup.com
A40: nlc_bd00ba091a3d | B40: exact_match | C40: name | D40: F-B4PG7C | E40: LUCIA | F40: CACHERO | G40: V6BW9 | H40: X | K40: 46062.371 | L40: =VLOOKUP(A40,nlc_registration!A:G,5,0) -> Lucia | M40: =VLOOKUP(A40,nlc_registration!A:G,6,0) -> Cachero | N40: =VLOOKUP(A40,nlc_registration!A:G,7,0) -> lucia_cachero@yahoo.com
A41: nlc_7bad7e9b1e7e | B41: exact_match | C41: name | D41: F-J4VR85 | E41: Marlon | F41: Cadag | G41: F92R6 | H41: X | K41: 46067.855 | L41: =VLOOKUP(A41,nlc_registration!A:G,5,0) -> Marlon | M41: =VLOOKUP(A41,nlc_registration!A:G,6,0) -> Cadag | N41: =VLOOKUP(A41,nlc_registration!A:G,7,0) -> nolramcfc@yahoo.com
A42: nlc_1810e9a24f32 | B42: exact_match | C42: name | D42: F-S8RP6R | E42: Alexander | F42: Calago | G42: S5ST6 | J42: X | K42: 46065.165 | L42: =VLOOKUP(A42,nlc_registration!A:G,5,0) -> Alexander | M42: =VLOOKUP(A42,nlc_registration!A:G,6,0) -> Calago | N42: =VLOOKUP(A42,nlc_registration!A:G,7,0) -> abcalago@gmail.com
A43: nlc_404418fdfd36 | B43: exact_match | C43: name | D43: F-Q7BV5K | E43: EVELYN | F43: CALINGO | G43: T97B5 | I43: X | K43: 46060.936 | L43: =VLOOKUP(A43,nlc_registration!A:G,5,0) -> Evelyn | M43: =VLOOKUP(A43,nlc_registration!A:G,6,0) -> Calingo | N43: =VLOOKUP(A43,nlc_registration!A:G,7,0) -> ehcalingo@yahoo.com
A44: nlc_b8ba7510cd41 | B44: exact_match | C44: name | D44: F-Q53C8P | E44: EDITH | F44: CAMPOS | G44: N4MM4 | J44: X | K44: 46067.356 | L44: =VLOOKUP(A44,nlc_registration!A:G,5,0) -> Edith | M44: =VLOOKUP(A44,nlc_registration!A:G,6,0) -> Campos | N44: =VLOOKUP(A44,nlc_registration!A:G,7,0) -> edithcampos29@yahoo.com
A45: nlc_e42083909480 | B45: exact_match | C45: name | D45: F-G58K89 | E45: Leo | F45: Campos | G45: N4MM4 | J45: X | K45: 46067.356 | L45: =VLOOKUP(A45,nlc_registration!A:G,5,0) -> Leo | M45: =VLOOKUP(A45,nlc_registration!A:G,6,0) -> Campos | N45: =VLOOKUP(A45,nlc_registration!A:G,7,0) -> leocampos2701@gmail.com
A46: nlc_24db5868ce79 | B46: exact_match | C46: name | D46: F-N7GD6T | E46: Charles | F46: Cape | G46: T8XH7 | H46: X | K46: 46066.103 | L46: =VLOOKUP(A46,nlc_registration!A:G,5,0) -> Charles | M46: =VLOOKUP(A46,nlc_registration!A:G,6,0) -> Cape | N46: =VLOOKUP(A46,nlc_registration!A:G,7,0) -> capecharles8@gmail.com
A47: nlc_6f02019c540f | B47: possible_match | C47: last_name_only (only one in NLC) | D47: F-H4CV3J | E47: Arlyn | F47: Capinpin | G47: Z9KC6 | H47: X | K47: 46063.81 | L47: =VLOOKUP(A47,nlc_registration!A:G,5,0) -> Allain | M47: =VLOOKUP(A47,nlc_registration!A:G,6,0) -> Capinpin | N47: =VLOOKUP(A47,nlc_registration!A:G,7,0) -> cocoyusa049@gmail.com
A48: nlc_6f02019c540f | B48: possible_match | C48: last_name_only (only one in NLC) | D48: F-M8PF9L | E48: Cocoy | F48: Capinpin | G48: H5VP6 | H48: X | K48: 46063.81 | L48: =VLOOKUP(A48,nlc_registration!A:G,5,0) -> Allain | M48: =VLOOKUP(A48,nlc_registration!A:G,6,0) -> Capinpin | N48: =VLOOKUP(A48,nlc_registration!A:G,7,0) -> cocoyusa049@gmail.com
A49: nlc_d544f4e4b04e | B49: exact_match | C49: name | D49: F-T2QJ95 | E49: Judith | F49: Celemen | G49: N5ML6 | J49: X | K49: 46066.615 | L49: =VLOOKUP(A49,nlc_registration!A:G,5,0) -> Judith | M49: =VLOOKUP(A49,nlc_registration!A:G,6,0) -> Celemen | N49: =VLOOKUP(A49,nlc_registration!A:G,7,0) -> jcelemen@gmail.com
A50: nlc_1b8b385abcc0 | B50: exact_match | C50: name | D50: F-K9TT88 | E50: Nemie | F50: Celemen | G50: Q5QW5 | J50: X | K50: 46066.615 | L50: =VLOOKUP(A50,nlc_registration!A:G,5,0) -> Nemie | M50: =VLOOKUP(A50,nlc_registration!A:G,6,0) -> Celemen | N50: =VLOOKUP(A50,nlc_registration!A:G,7,0) -> ecelemen@gmail.com
A51: nlc_e16487cd2bd7 | B51: exact_match | C51: name | D51: F-D8ZP9D | E51: Evangeline | F51: Cheng | G51: V2HB8 | J51: X | K51: 46048.377 | L51: =VLOOKUP(A51,nlc_registration!A:G,5,0) -> Evangeline | M51: =VLOOKUP(A51,nlc_registration!A:G,6,0) -> Cheng | N51: =VLOOKUP(A51,nlc_registration!A:G,7,0) -> cristela888@gmail.com
A52: nlc_2a0f65a0f1a4 | B52: exact_match | C52: name | D52: F-F8DH5C | E52: Ruby | F52: Chunsim | G52: Z48Z3 | I52: X | K52: 46049.096 | L52: =VLOOKUP(A52,nlc_registration!A:G,5,0) -> RUBY | M52: =VLOOKUP(A52,nlc_registration!A:G,6,0) -> CHUNSIM | N52: =VLOOKUP(A52,nlc_registration!A:G,7,0) -> rchunsim@yahoo.com
A53: nlc_bd2ef00a8744 | B53: exact_match | C53: name | D53: F-L62T2Q | E53: Pedro | F53: Coronel | G53: L2CW3 | H53: X | K53: 46067.459 | L53: =VLOOKUP(A53,nlc_registration!A:G,5,0) -> Pedro | M53: =VLOOKUP(A53,nlc_registration!A:G,6,0) -> Coronel | N53: =VLOOKUP(A53,nlc_registration!A:G,7,0) -> pedrocoronel@verizon.net
A54: nlc_6322e5d2e5a2 | B54: exact_match | C54: name | D54: F-N5RP8F | E54: Rebecca | F54: Coronel | G54: T5ZG7 | H54: X | K54: 46064.838 | L54: =VLOOKUP(A54,nlc_registration!A:G,5,0) -> Rebecca | M54: =VLOOKUP(A54,nlc_registration!A:G,6,0) -> Coronel | N54: =VLOOKUP(A54,nlc_registration!A:G,7,0) -> bexcor@gmail.com
A55: nlc_c72c5c0003a2 | B55: exact_match | C55: name | D55: F-H53H8L | E55: Chie | F55: Corook | G55: F7HX2 | I55: X | K55: 46055.784 | L55: =VLOOKUP(A55,nlc_registration!A:G,5,0) -> CHIE | M55: =VLOOKUP(A55,nlc_registration!A:G,6,0) -> COROOK | N55: =VLOOKUP(A55,nlc_registration!A:G,7,0) -> CHIE.COROOK@COUPLESFORCHRISTUSA.ORG
A56: nlc_332528c2bf6e | B56: exact_match | C56: name | D56: F-Q8WG7L | E56: Joey | F56: Corook | G56: T84B2 | I56: X | K56: 46055.786 | L56: =VLOOKUP(A56,nlc_registration!A:G,5,0) -> JOEY | M56: =VLOOKUP(A56,nlc_registration!A:G,6,0) -> COROOK | N56: =VLOOKUP(A56,nlc_registration!A:G,7,0) -> THECOROOKS@GMAIL.COM
A57: nlc_5191cf445417 | B57: possible_match | C57: last_name_only (only one in NLC) | D57: F-X5KR29 | E57: CORAZON | F57: Corpuz | G57: D8PX9 | H57: X | K57: 46068.814 | L57: =VLOOKUP(A57,nlc_registration!A:G,5,0) -> CORA | M57: =VLOOKUP(A57,nlc_registration!A:G,6,0) -> CORPUZ | N57: =VLOOKUP(A57,nlc_registration!A:G,7,0) -> csccorpuz21@yahoo.com
A58: nlc_3b596b4cee5f | B58: exact_match | C58: name | D58: F-Z82P37 | E58: EMER | F58: DACAYANAN | G58: P2WR3 | H58: X | K58: 46063.754 | L58: =VLOOKUP(A58,nlc_registration!A:G,5,0) -> emer | M58: =VLOOKUP(A58,nlc_registration!A:G,6,0) -> dacayanan | N58: =VLOOKUP(A58,nlc_registration!A:G,7,0) -> emerita.dacayanan@gmail.com
A59: nlc_d00b08326737 | B59: exact_match | C59: name | D59: F-P8TX5Z | E59: FATIMA | F59: DE CASTRO | G59: D3PH6 | H59: X | K59: 46058.843 | L59: =VLOOKUP(A59,nlc_registration!A:G,5,0) -> Fatima | M59: =VLOOKUP(A59,nlc_registration!A:G,6,0) -> De Castro | N59: =VLOOKUP(A59,nlc_registration!A:G,7,0) -> fpunodc@gmail.com
A60: nlc_673f09a698de | B60: exact_match | C60: name | D60: F-K7PB5N | E60: EUGENE | F60: DE LEON | G60: T34Z2 | H60: X | K60: 46070.498 | L60: =VLOOKUP(A60,nlc_registration!A:G,5,0) -> Eugene | M60: =VLOOKUP(A60,nlc_registration!A:G,6,0) -> De Leon | N60: =VLOOKUP(A60,nlc_registration!A:G,7,0) -> eldeleonjr77@gmail.com
A61: nlc_b2ab541dd909 | B61: exact_match | C61: name | D61: F-C4JJ62 | E61: Alice | F61: De Loyola | G61: G2ZB9 | J61: X | K61: 46070.412 | L61: =VLOOKUP(A61,nlc_registration!A:G,5,0) -> Alice | M61: =VLOOKUP(A61,nlc_registration!A:G,6,0) -> De Loyola | N61: =VLOOKUP(A61,nlc_registration!A:G,7,0) -> deloyola_ed@yahoo.com
A62: nlc_cff891dd312b | B62: exact_match | C62: name | D62: F-D8DZ2K | E62: Edgar | F62: De Loyola | G62: T96N5 | H62: X | K62: 46070.415 | L62: =VLOOKUP(A62,nlc_registration!A:G,5,0) -> Edgar | M62: =VLOOKUP(A62,nlc_registration!A:G,6,0) -> De Loyola | N62: =VLOOKUP(A62,nlc_registration!A:G,7,0) -> edgarde_L@yahoo.com
A63: nlc_3c20a965d612 | B63: exact_match | C63: name | D63: F-P9PW85 | E63: NORMA | F63: Del Carmen | G63: C9GR4 | J63: X | K63: 46069.888 | L63: =VLOOKUP(A63,nlc_registration!A:G,5,0) -> Norma | M63: =VLOOKUP(A63,nlc_registration!A:G,6,0) -> Del Carmen | N63: =VLOOKUP(A63,nlc_registration!A:G,7,0) -> omadelcarmen@gmail.com
A64: nlc_85b76a1c291e | B64: exact_match | C64: name | D64: F-H9RX24 | E64: Nodi | F64: Dizon | G64: X78H4 | H64: X | K64: 46070.582 | L64: =VLOOKUP(A64,nlc_registration!A:G,5,0) -> Nodi | M64: =VLOOKUP(A64,nlc_registration!A:G,6,0) -> Dizon | N64: =VLOOKUP(A64,nlc_registration!A:G,7,0) -> pfdizon@sbcglobal.net
A65: nlc_8b7452ff2255 | B65: exact_match | C65: name | D65: F-K5RW29 | E65: Terry | F65: Dizon | G65: D6MR9 | J65: X | K65: 46060.905 | L65: =VLOOKUP(A65,nlc_registration!A:G,5,0) -> Terry | M65: =VLOOKUP(A65,nlc_registration!A:G,6,0) -> Dizon | N65: =VLOOKUP(A65,nlc_registration!A:G,7,0) -> tdizon104@gmail.com
A66: nlc_f1a10cfabe8e | B66: exact_match | C66: name | D66: F-W58F77 | E66: Ma Teresa | F66: Ebrada | G66: X65F4 | J66: X | K66: 46059.366 | L66: =VLOOKUP(A66,nlc_registration!A:G,5,0) -> Ma Teresa | M66: =VLOOKUP(A66,nlc_registration!A:G,6,0) -> Ebrada | N66: =VLOOKUP(A66,nlc_registration!A:G,7,0) -> mel_tess@aol.com
A67: nlc_aa78da40a889 | B67: exact_match | C67: name | E67: Melgar | F67: Ebrada | G67: X65F4 | J67: X | K67: 46059.366 | L67: =VLOOKUP(A67,nlc_registration!A:G,5,0) -> Melgar | M67: =VLOOKUP(A67,nlc_registration!A:G,6,0) -> Ebrada | N67: =VLOOKUP(A67,nlc_registration!A:G,7,0) -> mel_tess@aol.com
A68: nlc_c4974e35fdbc | B68: exact_match | C68: name | D68: F-T7WS2T | E68: Ghetto | F68: Empleo | G68: K3XF8 | H68: X | K68: 46063.39 | L68: =VLOOKUP(A68,nlc_registration!A:G,5,0) -> Ghetto | M68: =VLOOKUP(A68,nlc_registration!A:G,6,0) -> Empleo | N68: =VLOOKUP(A68,nlc_registration!A:G,7,0) -> empleoghetto@yahoo.com
A69: nlc_52628d3b63de | B69: exact_match | C69: name | D69: F-R5KK77 | E69: Myrah | F69: Empleo | G69: K3XF8 | H69: X | K69: 46063.39 | L69: =VLOOKUP(A69,nlc_registration!A:G,5,0) -> Myrah | M69: =VLOOKUP(A69,nlc_registration!A:G,6,0) -> Empleo | N69: =VLOOKUP(A69,nlc_registration!A:G,7,0) -> myrahg@gmail.com
A70: nlc_a0b12067dae1 | B70: exact_match | C70: name | D70: F-X7WT48 | E70: Persie | F70: Escueta | G70: S6ZQ3 | H70: X | K70: 46050.789 | L70: =VLOOKUP(A70,nlc_registration!A:G,5,0) -> Persie | M70: =VLOOKUP(A70,nlc_registration!A:G,6,0) -> Escueta | N70: =VLOOKUP(A70,nlc_registration!A:G,7,0) -> persie6@gmail.com
A71: nlc_ecaa099ef437 | B71: exact_match | C71: name | D71: F-V4SS3N | E71: ABET | F71: ESPANOLA | G71: B3VH9 | J71: X | K71: 46060.349 | L71: =VLOOKUP(A71,nlc_registration!A:G,5,0) -> Abet | M71: =VLOOKUP(A71,nlc_registration!A:G,6,0) -> Espanola | N71: =VLOOKUP(A71,nlc_registration!A:G,7,0) -> abespanola@gmail.com
A72: nlc_3dde49ede781 | B72: exact_match | C72: name | D72: F-J3TP7B | E72: Rhose | F72: Espanola | G72: S8ZR9 | H72: X | K72: 46068.944 | L72: =VLOOKUP(A72,nlc_registration!A:G,5,0) -> Rhose | M72: =VLOOKUP(A72,nlc_registration!A:G,6,0) -> Espanola | N72: =VLOOKUP(A72,nlc_registration!A:G,7,0) -> rosana_espanola@yahoo.com
A73: nlc_cb127d0c25e6 | B73: exact_match | C73: name | D73: F-V2GN22 | E73: Carlina | F73: Estrera | G73: H7ML5 | H73: X | K73: 46062.01 | L73: =VLOOKUP(A73,nlc_registration!A:G,5,0) -> Carlina | M73: =VLOOKUP(A73,nlc_registration!A:G,6,0) -> Estrera | N73: =VLOOKUP(A73,nlc_registration!A:G,7,0) -> rc.estrera@gmail.com
A74: nlc_23227fd9768c | B74: exact_match | C74: name | D74: F-R64V9S | E74: ANNE | F74: FAUSTINO | G74: D92Z5 | I74: X | K74: 46059.492 | L74: =VLOOKUP(A74,nlc_registration!A:G,5,0) -> ANNE | M74: =VLOOKUP(A74,nlc_registration!A:G,6,0) -> FAUSTINO | N74: =VLOOKUP(A74,nlc_registration!A:G,7,0) -> junanne423@gmail.com
A75: nlc_f1bfede0ae1f | B75: exact_match | C75: name | D75: F-N8GX8R | E75: Don | F75: Fernandez | G75: M9QG9 | H75: X | K75: 46059.499 | L75: =VLOOKUP(A75,nlc_registration!A:G,5,0) -> Don | M75: =VLOOKUP(A75,nlc_registration!A:G,6,0) -> Fernandez | N75: =VLOOKUP(A75,nlc_registration!A:G,7,0) -> don2phoebe.cfc@gmail.com
A76: nlc_8d12046c741d | B76: exact_match | C76: name | E76: Phoebe | F76: Fernandez | G76: M9QG9 | H76: X | K76: 46059.499 | L76: =VLOOKUP(A76,nlc_registration!A:G,5,0) -> Phoebe | M76: =VLOOKUP(A76,nlc_registration!A:G,6,0) -> Fernandez | N76: =VLOOKUP(A76,nlc_registration!A:G,7,0) -> don2phoebe.cfc@gmail.com
A77: nlc_6e5a24c691dd | B77: exact_match | C77: name | D77: F-D63V7J | E77: Socchie | F77: Fondevilla | G77: P7CT8 | I77: X | K77: 46049.751 | L77: =VLOOKUP(A77,nlc_registration!A:G,5,0) -> Socchie | M77: =VLOOKUP(A77,nlc_registration!A:G,6,0) -> Fondevilla | N77: =VLOOKUP(A77,nlc_registration!A:G,7,0) -> fondevsp@gmail.com
A78: nlc_d81a699fedc8 | B78: exact_match | C78: name | D78: F-Z7KM9J | E78: Carlos | F78: Garcia | G78: W9DJ6 | J78: X | K78: 46070.795 | L78: =VLOOKUP(A78,nlc_registration!A:G,5,0) -> Carlos | M78: =VLOOKUP(A78,nlc_registration!A:G,6,0) -> Garcia | N78: =VLOOKUP(A78,nlc_registration!A:G,7,0) -> 0
A79: nlc_581585ff7f09 | B79: exact_match | C79: name | D79: F-W6VD5N | E79: Julie | F79: Garcia | G79: V8CM8 | J79: X | K79: 46064.901 | L79: =VLOOKUP(A79,nlc_registration!A:G,5,0) -> Julie | M79: =VLOOKUP(A79,nlc_registration!A:G,6,0) -> Garcia | N79: =VLOOKUP(A79,nlc_registration!A:G,7,0) -> 0
A80: nlc_43a405625d50 | B80: exact_match | C80: name | D80: F-X4WP2Z | E80: MILA | F80: Gayao | G80: Z56M5 | J80: X | K80: 46048.377 | L80: =VLOOKUP(A80,nlc_registration!A:G,5,0) -> Mila | M80: =VLOOKUP(A80,nlc_registration!A:G,6,0) -> Gayao | N80: =VLOOKUP(A80,nlc_registration!A:G,7,0) -> mgayao@gmail.com
A81: nlc_1605edebc103 | B81: exact_match | C81: name | D81: F-J7BL54 | E81: Adela | F81: Gianan | G81: D3RJ8 | I81: X | K81: 46048.488 | L81: =VLOOKUP(A81,nlc_registration!A:G,5,0) -> Adela | M81: =VLOOKUP(A81,nlc_registration!A:G,6,0) -> Gianan | N81: =VLOOKUP(A81,nlc_registration!A:G,7,0) -> adelafpg@hotmail.com
A82: nlc_d2c46023a641 | B82: exact_match | C82: name | D82: F-F3CV6K | E82: Madel | F82: Gonda | G82: C3KH6 | I82: X | K82: 46058.842 | L82: =VLOOKUP(A82,nlc_registration!A:G,5,0) -> MADEL | M82: =VLOOKUP(A82,nlc_registration!A:G,6,0) -> GONDA | N82: =VLOOKUP(A82,nlc_registration!A:G,7,0) -> eggaymadelgonda@gmail.com
A83: nlc_7da0fd957a98 | B83: exact_match | C83: name | D83: F-W96R5Q | E83: Ismael | F83: Guanzon | G83: D45L8 | J83: X | K83: 46059.345 | L83: =VLOOKUP(A83,nlc_registration!A:G,5,0) -> Ismael | M83: =VLOOKUP(A83,nlc_registration!A:G,6,0) -> Guanzon | N83: =VLOOKUP(A83,nlc_registration!A:G,7,0) -> noznaug915@gmail.com
A84: nlc_43a51fa872a4 | B84: exact_match | C84: name | E84: Dorcy | F84: Guanzon | G84: D45L8 | J84: X | K84: 46059.345 | L84: =VLOOKUP(A84,nlc_registration!A:G,5,0) -> Dorcy | M84: =VLOOKUP(A84,nlc_registration!A:G,6,0) -> Guanzon | N84: =VLOOKUP(A84,nlc_registration!A:G,7,0) -> noznaug915@yahoo.com
A85: nlc_ffb5379a6e9e | B85: exact_match | C85: name | D85: F-X9ZL27 | E85: Marivic | F85: Guiao | G85: Z65N5 | I85: X | K85: 46058.863 | L85: =VLOOKUP(A85,nlc_registration!A:G,5,0) -> Marivic | M85: =VLOOKUP(A85,nlc_registration!A:G,6,0) -> Guiao | N85: =VLOOKUP(A85,nlc_registration!A:G,7,0) -> victoriapguiao@gmail.com
A86: nlc_31f3b9d33b3e | B86: exact_match | C86: name | E86: Deo | F86: Guiao | G86: Z65N5 | I86: X | K86: 46058.863 | L86: =VLOOKUP(A86,nlc_registration!A:G,5,0) -> Deo | M86: =VLOOKUP(A86,nlc_registration!A:G,6,0) -> Guiao | N86: =VLOOKUP(A86,nlc_registration!A:G,7,0) -> deo.guiao0425@yahoo.xom
A87: nlc_bea30912b420 | B87: exact_match | C87: name | D87: F-J5ZC2S | E87: David | F87: Guirao | G87: P6SK3 | I87: X | K87: 46061.181 | L87: =VLOOKUP(A87,nlc_registration!A:G,5,0) -> David | M87: =VLOOKUP(A87,nlc_registration!A:G,6,0) -> Guirao | N87: =VLOOKUP(A87,nlc_registration!A:G,7,0) -> davegmd@gmail.com
A88: nlc_4dc8da1f4b2a | B88: exact_match | C88: name | D88: F-H5MP9V | E88: Buddy | F88: Halili | G88: F2CV3 | J88: X | K88: 46069.47 | L88: =VLOOKUP(A88,nlc_registration!A:G,5,0) -> Buddy | M88: =VLOOKUP(A88,nlc_registration!A:G,6,0) -> Halili | N88: =VLOOKUP(A88,nlc_registration!A:G,7,0) -> 0
A89: nlc_df6d6d95b0b9 | B89: exact_match | C89: name | D89: F-V36C93 | E89: Leah | F89: Hamoy | G89: R25H3 | J89: X | K89: 46064.792 | L89: =VLOOKUP(A89,nlc_registration!A:G,5,0) -> Leah | M89: =VLOOKUP(A89,nlc_registration!A:G,6,0) -> Hamoy | N89: =VLOOKUP(A89,nlc_registration!A:G,7,0) -> 843ling72@gmail.com
A90: nlc_9358fddaf499 | B90: exact_match | C90: name | D90: F-H7VS8X | E90: Errol | F90: Hingco | G90: Q5BS6 | I90: X | K90: 46067.027 | L90: =VLOOKUP(A90,nlc_registration!A:G,5,0) -> Errol | M90: =VLOOKUP(A90,nlc_registration!A:G,6,0) -> Hingco | N90: =VLOOKUP(A90,nlc_registration!A:G,7,0) -> ehingco@sbcglobal.net
A91: nlc_76a0a8c8a4f1 | B91: exact_match | C91: name | D91: F-H7DK9D | E91: Lyzette | F91: Hingco | G91: Q5BS6 | I91: X | K91: 46067.027 | L91: =VLOOKUP(A91,nlc_registration!A:G,5,0) -> Lyzette | M91: =VLOOKUP(A91,nlc_registration!A:G,6,0) -> Hingco | N91: =VLOOKUP(A91,nlc_registration!A:G,7,0) -> lyzette.hingco@sbcglobal.net
A92: nlc_1d8dd1f838da | B92: exact_match | C92: name | E92: Iris | F92: Lacson | G92: P7PQ4 | H92: X | K92: 46049.79 | L92: =VLOOKUP(A92,nlc_registration!A:G,5,0) -> Iris | M92: =VLOOKUP(A92,nlc_registration!A:G,6,0) -> Lacson | N92: =VLOOKUP(A92,nlc_registration!A:G,7,0) -> irislacson@gmail.com
A93: nlc_4f7717388111 | B93: exact_match | C93: name | D93: F-G8PP5N | E93: Jundy | F93: Lacuata | G93: K5WR9 | H93: X | K93: 46048.401 | L93: =VLOOKUP(A93,nlc_registration!A:G,5,0) -> Jundy | M93: =VLOOKUP(A93,nlc_registration!A:G,6,0) -> Lacuata | N93: =VLOOKUP(A93,nlc_registration!A:G,7,0) -> jlacuata@gmail.com
A94: nlc_4ef31a35d55f | B94: exact_match | C94: name | E94: Anne | F94: Lacuata | G94: K5WR9 | H94: X | K94: 46048.401 | L94: =VLOOKUP(A94,nlc_registration!A:G,5,0) -> Anne | M94: =VLOOKUP(A94,nlc_registration!A:G,6,0) -> Lacuata | N94: =VLOOKUP(A94,nlc_registration!A:G,7,0) -> anne_lacuata@yahoo.com
A95: nlc_dfdb6fbcff69 | B95: exact_match | C95: name | D95: F-X8TC99 | E95: Maxwell | F95: Ladion | G95: B6GP9 | H95: X | K95: 46070.311 | L95: =VLOOKUP(A95,nlc_registration!A:G,5,0) -> Maxwell | M95: =VLOOKUP(A95,nlc_registration!A:G,6,0) -> Ladion | N95: =VLOOKUP(A95,nlc_registration!A:G,7,0) -> mladion.pt@gmail.com
A96: nlc_49d9014c1352 | B96: exact_match | C96: name | D96: F-B8PS6D | E96: Teresa | F96: Ladion | G96: N92Z8 | I96: X | K96: 46070.311 | L96: =VLOOKUP(A96,nlc_registration!A:G,5,0) -> Teresa | M96: =VLOOKUP(A96,nlc_registration!A:G,6,0) -> Ladion | N96: =VLOOKUP(A96,nlc_registration!A:G,7,0) -> mladion.pt@gmail.com
A97: nlc_0fd9ca412b1a | B97: exact_match | C97: name | D97: F-N5DN4J | E97: Ching | F97: Lagarde | G97: N4VQ4 | I97: X | K97: 46064.817 | L97: =VLOOKUP(A97,nlc_registration!A:G,5,0) -> Ching | M97: =VLOOKUP(A97,nlc_registration!A:G,6,0) -> Lagarde | N97: =VLOOKUP(A97,nlc_registration!A:G,7,0) -> junlagards@yahoo.com
A98: nlc_d728075ea193 | B98: exact_match | C98: name | D98: F-Z9LJ83 | E98: Richard | F98: Lao | G98: M8TB5 | H98: X | K98: 46048.447 | L98: =VLOOKUP(A98,nlc_registration!A:G,5,0) -> Richard | M98: =VLOOKUP(A98,nlc_registration!A:G,6,0) -> Lao | N98: =VLOOKUP(A98,nlc_registration!A:G,7,0) -> rlao@infrastructure-eng.com
A99: nlc_3c61b1ee1040 | B99: exact_match | C99: name | E99: Ellen | F99: Lao | G99: M8TB5 | H99: X | K99: 46048.447 | L99: =VLOOKUP(A99,nlc_registration!A:G,5,0) -> Ellen | M99: =VLOOKUP(A99,nlc_registration!A:G,6,0) -> Lao | N99: =VLOOKUP(A99,nlc_registration!A:G,7,0) -> ellenangelo@yahoo.com
A100: nlc_8d6bd0c321e8 | B100: exact_match | C100: name | D100: F-Q3DZ5J | E100: Beth | F100: Laqui | G100: D4XX4 | H100: X | K100: 46049.41 | L100: =VLOOKUP(A100,nlc_registration!A:G,5,0) -> Beth | M100: =VLOOKUP(A100,nlc_registration!A:G,6,0) -> Laqui | N100: =VLOOKUP(A100,nlc_registration!A:G,7,0) -> bethzlaqui1024@gmail.com
...

Sheet nlc_registration
A1: id | B1: match_type | C1: match_by_comment | D1: Registrant - Amount | E1: Registrant - Person's Name - First Name | F1: Registrant - Person's Name - Last Name | G1: Registrant - Email | H1: Registrant - Phone Number | I1: Registrant - Allergies & Special Need | J1: Registrant - SubTotal | K1: Region | L1: Region - Other Text | M1: Ministry Membership | N1: Service | O1: Have Kids to register for KidsZone? (Ages 4 - 12 yrs old) | P1: How Many Kids for Kidswatch? | Q1: Billing Discount Code | R1: Administrative Fee | S1: Total Amount | T1: Billing Name | U1: Billing Address Line 1 | V1: Billing Zip | W1: Billing Email Address | X1: Billing Phone Number | Y1: Paid | Z1: Paid | AA1: Transaction ID | AB1: Transaction Result | AC1: Transaction Message | AD1: Created At | AE1: NOTES | AF1: export_Flocknote_ID | AG1: export_First_Name | AH1: export_Last_Name | AI1: export_Confirmation_Number | AJ1: export_Gender_Identity_Dialogue | AK1: export_Contraception_Dialogue | AL1: export_Immigration_Dialogue | AM1: export_Signed_Up_Date
A2: nlc_5ef4b888e524 | D2: 50 | E2: Amid | F2: Lauro | AE2: Zelle Payment
A3: nlc_3141ca6d40ea | D3: 50 | E3: Cristina | F3: Baltazar | AE3: Zelle Payment
A4: nlc_7862b50e15ac | D4: 50 | E4: Cris | F4: Baltazar | AE4: Zelle Payment
A5: nlc_2301d89035a5 | D5: 50 | E5: Eric | F5: Villanueva | AE5: Zelle Payment
A6: nlc_6ceb8554b66d | D6: 50 | E6: Pat | F6: Villanueva | AE6: Zelle Payment
A7: nlc_a22677264385 | D7: 50 | E7: Ricky | F7: Coronel | G7: rcor950825@aol.com | H7: 949-929-1586 | J7: 0 | K7: SOUTHWEST B (Arizona, Colorado, New Mexico, Southern California) | M7: CFC | N7: Others (GOL, CRO, Ablaze, Etc) | O7: No | Q7: NLC!2026 | S7: 0 | Y7: 0 | Z7: 0 | AD7: 46057.641 | AE7: Bro Ricky to pay by check
A8: nlc_8d4943aa4885 | D8: 50 | E8: Binky | F8: Coronel | H8: 949-929-1586 | J8: 0 | K8: SOUTHWEST B (Arizona, Colorado, New Mexico, Southern California) | M8: CFC | N8: Others (GOL, CRO, Ablaze, Etc) | O8: No | Q8: NLC!2026 | S8: 0 | Y8: 0 | Z8: 0 | AD8: 46057.641 | AE8: Bro Ricky to pay by check
A9: nlc_22ae97a16d98 | D9: 50 | E9: Karen | F9: Aguilar | AE9: Zelle Payment
A10: nlc_3528d7875f70 | D10: 50 | E10: David Jr. | F10: Aguilar | AE10: Zelle Payment
A11: nlc_0602a801f1a4 | B11: possible_match | C11: possible match by lastname (matched to NLC with no match) | D11: 50 | E11: Wilma | F11: Santos | AE11: Zelle Payment | AF11: F-M6PD6L | AG11: MARIA ANGELICA | AH11: SANTOS | AI11: V65G6 | AJ11: X | AM11: 46069.994
A12: nlc_3dcc80e6dd58 | D12: 50 | E12: Robert | F12: Santios | AE12: Zelle Payment
A13: nlc_53cf3909cb95 | B13: exact_match | C13: exact_match: email or first+last name | D13: 50 | E13: Carmela | F13: Panadero | AE13: Zelle Payment | AF13: F-M9CX3C | AG13: Carmela | AH13: Panadero | AI13: D77P9 | AL13: X | AM13: 46058.81
A14: nlc_c66aaa3ff136 | D14: 50 | E14: Leo | F14: Panadero | AE14: Zelle Payment
A15: nlc_c9785ae16ed7 | B15: possible_match | C15: possible match by lastname (only one NLC with no match) | D15: 50 | E15: Lily | F15: Halili | AE15: Zelle Payment | AG15: Lily P. | AH15: Halili | AI15: F2CV3 | AL15: X | AM15: 46069.47
A16: nlc_4dc8da1f4b2a | B16: exact_match | C16: exact_match: email or first+last name | D16: 50 | E16: Buddy | F16: Halili | AE16: Zelle Payment | AF16: F-H5MP9V | AG16: Buddy | AH16: Halili | AI16: F2CV3 | AL16: X | AM16: 46069.47
A17: nlc_daadb3f781ae | D17: 50 | E17: Joy | F17: De Guzman | G17: joydeguzman@comcast.net | AE17: Zelle Payment
A18: nlc_14ced67448ae | D18: 50 | E18: Ding | F18: De Guzman | G18: dingcfc.ca@hotmail.com | AE18: Zelle Payment
A19: nlc_4c8187d39c46 | D19: 50 | E19: Geraldine | F19: Visarra | G19: vincentvisarra70@gmail.com | AE19: Zelle Payment
A20: nlc_c749b41ed50b | D20: 50 | E20: Vincent | F20: Visarra | G20: vincent.visarra@couplesforchristusa.org | AE20: Zelle Payment
A21: nlc_e5dc8d7d2519 | D21: 50 | E21: Hugo | F21: Mendoza | H21: 949-929-1586 | J21: 0 | K21: SOUTHWEST A (Alaska, Hawaii, Northern California, North Nevada) | M21: CFC | N21: Others (GOL, CRO, Ablaze, Etc) | O21: No | Q21: NLC!2026 | S21: 0 | Y21: 0 | Z21: 0 | AD21: 46057.633 | AE21: Zelle pmt from bCarlos Jacinto (PPC)
A22: nlc_f2ea3451e215 | D22: 50 | E22: Javier | F22: Queipo | H22: 949-929-1586 | J22: 0 | K22: SOUTHWEST A (Alaska, Hawaii, Northern California, North Nevada) | M22: CFC | N22: Others (GOL, CRO, Ablaze, Etc) | O22: No | Q22: NLC!2026 | S22: 0 | Y22: 0 | Z22: 0 | AD22: 46057.632 | AE22: Zelle pmt from bCarlos Jacinto (PPC)
A23: nlc_1db848c5e2d4 | D23: 50 | E23: Omaira | F23: Queipo | H23: 949-929-1586 | J23: 0 | K23: SOUTHWEST A (Alaska, Hawaii, Northern California, North Nevada) | M23: CFC | N23: Others (GOL, CRO, Ablaze, Etc) | O23: No | Q23: NLC!2026 | S23: 0 | Y23: 0 | Z23: 0 | AD23: 46057.632 | AE23: Zelle pmt from bCarlos Jacinto (PPC)
A24: nlc_d81a699fedc8 | B24: exact_match | C24: exact_match: email or first+last name | D24: 50 | E24: Carlos | F24: Garcia | H24: 949-929-1586 | J24: 0 | K24: SOUTHWEST A (Alaska, Hawaii, Northern California, North Nevada) | M24: CFC | N24: Others (GOL, CRO, Ablaze, Etc) | O24: No | Q24: NLC!2026 | S24: 0 | Y24: 0 | Z24: 0 | AD24: 46057.631 | AE24: Zelle pmt from bCarlos Jacinto (PPC) | AF24: F-Z7KM9J | AG24: Carlos | AH24: Garcia | AI24: W9DJ6 | AL24: X | AM24: 46070.795
A25: nlc_581585ff7f09 | B25: exact_match | C25: exact_match: email or first+last name | D25: 50 | E25: Julie | F25: Garcia | H25: 949-929-1586 | J25: 0 | K25: SOUTHWEST A (Alaska, Hawaii, Northern California, North Nevada) | M25: CFC | N25: Others (GOL, CRO, Ablaze, Etc) | O25: No | Q25: NLC!2026 | S25: 0 | Y25: 0 | Z25: 0 | AD25: 46057.631 | AE25: Zelle pmt from bCarlos Jacinto (PPC) | AF25: F-W6VD5N | AG25: Julie | AH25: Garcia | AI25: V8CM8 | AL25: X | AM25: 46064.901
A26: nlc_1d7560e62803 | D26: 50 | E26: Jose | F26: Rincon | H26: 949-929-1586 | J26: 0 | K26: SOUTHWEST A (Alaska, Hawaii, Northern California, North Nevada) | M26: CFC | N26: CFC (HH & up) | O26: No | Q26: NLC!2026 | S26: 0 | Y26: 0 | Z26: 0 | AD26: 46057.63 | AE26: Zelle pmt from bCarlos Jacinto (PPC)
A27: nlc_95bed6f1a8b0 | D27: 50 | E27: Maria | F27: Rincon | H27: 949-929-1586 | J27: 0 | K27: SOUTHWEST A (Alaska, Hawaii, Northern California, North Nevada) | M27: CFC | N27: CFC (HH & up) | O27: No | Q27: NLC!2026 | S27: 0 | Y27: 0 | Z27: 0 | AD27: 46057.63 | AE27: Zelle pmt from bCarlos Jacinto (PPC)
A28: nlc_a5b426782017 | D28: 50 | E28: Marco | F28: Torres | H28: 949-929-1586 | J28: 0 | K28: SOUTHWEST A (Alaska, Hawaii, Northern California, North Nevada) | M28: CFC | N28: CFC (HH & up) | O28: No | Q28: NLC!2026 | S28: 0 | Y28: 0 | Z28: 0 | AD28: 46057.628 | AE28: Zelle pmt from bCarlos Jacinto (PPC)
A29: nlc_aab532323b39 | D29: 50 | E29: Catalina | F29: Torres | H29: 949-929-1586 | J29: 0 | K29: SOUTHWEST A (Alaska, Hawaii, Northern California, North Nevada) | M29: CFC | N29: CFC (HH & up) | O29: No | Q29: NLC!2026 | S29: 0 | Y29: 0 | Z29: 0 | AD29: 46057.628 | AE29: Zelle pmt from bCarlos Jacinto (PPC)
A30: nlc_cd40677d30a4 | B30: possible_match | C30: possible match by lastname (matched to NLC with no match) | D30: 50 | E30: Tony | F30: Jacinto | H30: 949-929-1586 | J30: 0 | K30: SOUTHWEST A (Alaska, Hawaii, Northern California, North Nevada) | M30: CFC | N30: Family Ministries (HOLD, SOLD, SFC, CFCY, KFC) | O30: No | Q30: NLC!2026 | S30: 0 | Y30: 0 | Z30: 0 | AD30: 46057.627 | AE30: Zelle pmt from bCarlos Jacinto (PPC) | AF30: F-F8VT9R | AG30: Carlos Elena | AH30: JACINTO | AI30: V2RD8 | AL30: X | AM30: 46056.347
A31: nlc_f2f8d4a99ab2 | D31: 50 | E31: Celina | F31: Jacinto | H31: 949-929-1586 | J31: 0 | K31: SOUTHWEST A (Alaska, Hawaii, Northern California, North Nevada) | M31: CFC | N31: Family Ministries (HOLD, SOLD, SFC, CFCY, KFC) | O31: No | Q31: NLC!2026 | S31: 0 | Y31: 0 | Z31: 0 | AD31: 46057.627 | AE31: Zelle pmt from bCarlos Jacinto (PPC)
A32: nlc_df123451dd2f | D32: 50 | E32: Sonny | F32: Santillan | G32: sonnysantillan@yahoo.com | H32: 949-929-1586 | J32: 0 | K32: SOUTHWEST A (Alaska, Hawaii, Northern California, North Nevada) | M32: CFC | N32: CFC (HH & up) | O32: No | Q32: NLC!2026 | S32: 0 | Y32: 0 | Z32: 0 | AD32: 46057.624 | AE32: Zelle pmt from bJun Ilagan
A33: nlc_eadef15d2022 | D33: 50 | E33: Jhonadel | F33: Santillan | G33: sonnyjhonde0728@gmail.com | H33: 949-929-1586 | J33: 0 | K33: SOUTHWEST A (Alaska, Hawaii, Northern California, North Nevada) | M33: CFC | N33: CFC (HH & up) | O33: No | Q33: NLC!2026 | S33: 0 | Y33: 0 | Z33: 0 | AD33: 46057.624 | AE33: Zelle pmt from bJun Ilagan
A34: nlc_fc9e2cd79854 | D34: 50 | E34: Paul | F34: Bernadas | G34: paulacz_bernadas@yahoo.com | H34: 949-929-1586 | J34: 0 | K34: SOUTHWEST A (Alaska, Hawaii, Northern California, North Nevada) | M34: CFC | N34: CFC (HH & up) | O34: No | Q34: NLC!2026 | S34: 0 | Y34: 0 | Z34: 0 | AD34: 46057.621 | AE34: Zelle pmt from bJun Ilagan
A35: nlc_bb691129f01a | D35: 50 | E35: Cecile | F35: Bernadas | G35: celaipber2003@yahoo.com | H35: 949-929-1586 | J35: 0 | K35: SOUTHWEST A (Alaska, Hawaii, Northern California, North Nevada) | M35: CFC | N35: CFC (HH & up) | O35: No | Q35: NLC!2026 | S35: 0 | Y35: 0 | Z35: 0 | AD35: 46057.621 | AE35: Zelle pmt from bJun Ilagan
A36: nlc_f4f41fd2a1d7 | D36: 50 | E36: Ed | F36: Ebalobo | G36: eduardo.ebalobo@gmail.com | H36: 949-929-1586 | J36: 0 | K36: SOUTHWEST A (Alaska, Hawaii, Northern California, North Nevada) | M36: CFC | N36: CFC (HH & up) | O36: No | Q36: NLC!2026 | S36: 0 | Y36: 0 | Z36: 0 | AD36: 46057.619 | AE36: Zelle pmt from bJun Ilagan
A37: nlc_b2280eafa40d | D37: 50 | E37: Leomi | F37: Ebalobo | G37: leomi.ebalobo@couplesforchristusa.org | H37: 949-929-1586 | J37: 0 | K37: SOUTHWEST A (Alaska, Hawaii, Northern California, North Nevada) | M37: CFC | N37: CFC (HH & up) | O37: No | Q37: NLC!2026 | S37: 0 | Y37: 0 | Z37: 0 | AD37: 46057.619 | AE37: Zelle pmt from bJun Ilagan
A38: nlc_bd2ef00a8744 | B38: exact_match | C38: exact_match: email or first+last name | D38: 50 | E38: Pedro | F38: Coronel | G38: pedrocoronel@verizon.net | H38: 302-354-0171 | I38: None | J38: 50 | K38: SOUTHWEST C (Central California, South Nevada, Utah) | M38: CFC | N38: Family Ministries (HOLD, SOLD, SFC, CFCY, KFC) | O38: No | R38: 2.9 | S38: 102.9 | T38: Rebecca Coronel | U38: 8275 Skye Blue St | V38: Las Vegas, NV | W38: Bexcor@gmail.com | X38: 302-354-1759 | Y38: 102.9 | Z38: 102.9 | AA38: 546627925 | AB38: Ok | AC38: Approved | AD38: 46057.588 | AF38: F-L62T2Q | AG38: Pedro | AH38: Coronel | AI38: L2CW3 | AJ38: X | AM38: 46067.459
A39: nlc_6322e5d2e5a2 | B39: exact_match | C39: exact_match: email or first+last name | D39: 50 | E39: Rebecca | F39: Coronel | G39: bexcor@gmail.com | H39: 302-354-1759 | I39: None | J39: 50 | K39: SOUTHWEST C (Central California, South Nevada, Utah) | M39: CFC | N39: Family Ministries (HOLD, SOLD, SFC, CFCY, KFC) | O39: No | R39: 2.9 | S39: 102.9 | T39: Rebecca Coronel | U39: 8275 Skye Blue St | V39: Las Vegas, NV | W39: Bexcor@gmail.com | X39: 302-354-1759 | Y39: 102.9 | Z39: 102.9 | AA39: 546627925 | AB39: Ok | AC39: Approved | AD39: 46057.588 | AF39: F-N5RP8F | AG39: Rebecca | AH39: Coronel | AI39: T5ZG7 | AJ39: X | AM39: 46064.838
A40: nlc_3718e622abbd | D40: 50 | E40: Paul | F40: Ramos | G40: lapj1122@gmail.com | H40: 909-678-6982 | J40: 50 | K40: SOUTHWEST C (Central California, South Nevada, Utah) | M40: CFC | N40: Family Ministries (HOLD, SOLD, SFC, CFCY, KFC) | O40: Yes | P40: 2 | R40: 2.9 | S40: 102.9 | T40: Lourdes Angela Ramos | U40: 27447 Sycamore Creek Dr. | V40: 91354 | W40: lapj1122@gmail.com | X40: 909-678-6982 | Y40: 102.9 | Z40: 102.9 | AA40: 546624083 | AB40: Ok | AC40: Approved | AD40: 46057.586
A41: nlc_0569cb1bb2fc | D41: 50 | E41: Lourdes Angela | F41: Ramos | G41: lapj1122@gmail.com | H41: 818-282-0179 | J41: 50 | K41: SOUTHWEST C (Central California, South Nevada, Utah) | M41: CFC | N41: Family Ministries (HOLD, SOLD, SFC, CFCY, KFC) | O41: Yes | R41: 2.9 | S41: 102.9 | T41: Lourdes Angela Ramos | U41: 27447 Sycamore Creek Dr. | V41: 91354 | W41: lapj1122@gmail.com | X41: 909-678-6982 | Y41: 102.9 | Z41: 102.9 | AA41: 546624083 | AB41: Ok | AC41: Approved | AD41: 46057.586
A42: nlc_453a49f7ae9b | D42: 50 | E42: Mark | F42: Ybuan | G42: mybuan@gmail.com | H42: 323-628-2385 | J42: 50 | K42: SOUTHWEST B (Arizona, Colorado, New Mexico, Southern California) | M42: CFC | N42: Family Ministries (HOLD, SOLD, SFC, CFCY, KFC) | O42: No | R42: 1.45 | S42: 51.45 | T42: Mark Ybuan | U42: 482 S Arroyo Pkwy | V42: 91105 | W42: monica.ybuan@gmail.com | Y42: 51.45 | Z42: 51.45 | AA42: 546617303 | AB42: Ok | AC42: Approved | AD42: 46057.584
A43: nlc_d2343a187250 | D43: 50 | E43: Mark | F43: Poon Tip | G43: mpoontip07@gmail.com | H43: 714-609-9119 | J43: 50 | K43: Other | L43: Caribbean | M43: CFC | N43: CFC (HH & up) | O43: No | R43: 2.9 | S43: 102.9 | T43: Rodolfo Jeturian | U43: 17552 Edgewood Ln | V43: 92886 | W43: toffee.jeturian@couplesforchristusa.org | Y43: 102.9 | Z43: 102.9 | AA43: 531475529 | AB43: Ok | AC43: Approved | AD43: 46056.435
A44: nlc_35eae5bac0bd | D44: 50 | E44: Wendy | F44: Poon Tip | G44: mpoontip07@gmail.com | H44: 714-609-9119 | J44: 50 | K44: Other | L44: Caribbean | M44: CFC | N44: CFC (HH & up) | O44: No | R44: 2.9 | S44: 102.9 | T44: Rodolfo Jeturian | U44: 17552 Edgewood Ln | V44: 92886 | W44: toffee.jeturian@couplesforchristusa.org | Y44: 102.9 | Z44: 102.9 | AA44: 531475529 | AB44: Ok | AC44: Approved | AD44: 46056.435
A45: nlc_19f2702b79c0 | D45: 50 | E45: Toffee | F45: Jeturian | G45: radjeturianjr@gmail.com | H45: 714-609-9119 | J45: 50 | K45: SOUTHWEST B (Arizona, Colorado, New Mexico, Southern California) | M45: CFC | N45: CFC (HH & up) | O45: No | R45: 2.9 | S45: 102.9 | T45: Rodolfo Jeturian | U45: 17552 Edgewood Ln | V45: 92886 | W45: toffee.jeturian@couplesforchristusa.org | Y45: 102.9 | Z45: 102.9 | AA45: 531456432 | AB45: Ok | AC45: Approved | AD45: 46056.43
A46: nlc_a4b8d6f1d8d1 | D46: 50 | E46: Malou | F46: Jeturian | G46: maloujet@yahoo.com | H46: 714-609-9150 | J46: 50 | K46: SOUTHWEST B (Arizona, Colorado, New Mexico, Southern California) | M46: CFC | N46: CFC (HH & up) | O46: No | R46: 2.9 | S46: 102.9 | T46: Rodolfo Jeturian | U46: 17552 Edgewood Ln | V46: 92886 | W46: toffee.jeturian@couplesforchristusa.org | Y46: 102.9 | Z46: 102.9 | AA46: 531456432 | AB46: Ok | AC46: Approved | AD46: 46056.43
A47: nlc_8bd50e0afa26 | D47: 50 | E47: Deisen | F47: Lauro | G47: Mdl.lauro.826@gmail.com | H47: 808-769-0239 | J47: 50 | K47: SOUTHWEST B (Arizona, Colorado, New Mexico, Southern California) | M47: CFC | N47: Family Ministries (HOLD, SOLD, SFC, CFCY, KFC) | O47: No | R47: 1.45 | S47: 51.45 | T47: Mary deisen Lauro | U47: 875 Iris Way, Unit D, Azusa, CA | V47: 91702 | W47: mdl.lauro.826@gmail.com | X47: 808-769-0239 | Y47: 51.45 | Z47: 51.45 | AA47: 531426035 | AB47: Ok | AC47: Approved | AD47: 46056.424
A48: nlc_817e201f6c65 | B48: exact_match | C48: exact_match: email or first+last name | D48: 50 | E48: Jaymie | F48: Rodriguez | G48: jaymie.rodriguez@gmail.com | H48: 626-552-9643 | J48: 50 | K48: SOUTHWEST B (Arizona, Colorado, New Mexico, Southern California) | M48: CFC | N48: Family Ministries (HOLD, SOLD, SFC, CFCY, KFC) | O48: Yes | P48: 1 | R48: 2.9 | S48: 102.9 | T48: Angelico Rodriguez | U48: 13267 Jacob Ln | V48: 91342 | W48: angelicomr@gmail.com | Y48: 102.9 | Z48: 102.9 | AA48: 531412588 | AB48: Ok | AC48: Approved | AD48: 46056.421 | AF48: F-L8GB5P | AG48: Jaymie | AH48: Rodriguez | AI48: D47F9 | AK48: X | AM48: 46058.803
A49: nlc_ad8f07df6b17 | B49: exact_match | C49: exact_match: email or first+last name | D49: 50 | E49: Yvette | F49: Rodriguez | G49: jaymieandyvette@gmail.com | H49: 213-258-8681 | J49: 50 | K49: SOUTHWEST B (Arizona, Colorado, New Mexico, Southern California) | M49: CFC | N49: Family Ministries (HOLD, SOLD, SFC, CFCY, KFC) | O49: Yes | R49: 2.9 | S49: 102.9 | T49: Angelico Rodriguez | U49: 13267 Jacob Ln | V49: 91342 | W49: angelicomr@gmail.com | Y49: 102.9 | Z49: 102.9 | AA49: 531412588 | AB49: Ok | AC49: Approved | AD49: 46056.421 | AF49: F-S5GV44 | AG49: Yvette | AH49: Rodriguez | AI49: K4QC9 | AK49: X | AM49: 46058.802
A50: nlc_4532511bca49 | D50: 50 | E50: Jesus | F50: Molina | G50: fresky.molina@gmail.com | H50: 720-323-0739 | J50: 50 | K50: SOUTHWEST A (Alaska, Hawaii, Northern California, North Nevada) | M50: CFC | N50: Family Ministries (HOLD, SOLD, SFC, CFCY, KFC) | O50: No | R50: 2.9 | S50: 102.9 | T50: Jesus Molina | U50: 4417 Needlegrass Dr | V50: 95630 | W50: fresky.molina@gmail.com | X50: 720-323-0739 | Y50: 102.9 | Z50: 102.9 | AA50: 526889424 | AB50: Ok | AC50: Approved | AD50: 46056.011
A51: nlc_67f4dee61d13 | D51: 50 | E51: Sharon | F51: Molina | G51: sashaserrano29@gmail.com | H51: 720-323-2320 | I51: Shellfish, Dairy | J51: 50 | K51: SOUTHWEST A (Alaska, Hawaii, Northern California, North Nevada) | M51: CFC | N51: Family Ministries (HOLD, SOLD, SFC, CFCY, KFC) | O51: No | R51: 2.9 | S51: 102.9 | T51: Jesus Molina | U51: 4417 Needlegrass Dr | V51: 95630 | W51: fresky.molina@gmail.com | X51: 720-323-0739 | Y51: 102.9 | Z51: 102.9 | AA51: 526889424 | AB51: Ok | AC51: Approved | AD51: 46056.011
A52: nlc_47c5f1f6fa80 | D52: 50 | E52: Rhiza | F52: Trinidad | G52: rhiza@sandiegohomeexpert.com | H52: 619-988-0628 | J52: 50 | K52: SOUTHWEST B (Arizona, Colorado, New Mexico, Southern California) | M52: HOLD | N52: ANCOP | O52: No | S52: 50 | T52: Andrea Trinidad | U52: 1225 Morgan Hill Drive | V52: 91913 | W52: rhiza@sandiegohomeexpert.com | X52: 1-619-988-0628 | Y52: 50 | Z52: 50 | AA52: 526843094 | AB52: Ok | AC52: Approved | AD52: 46055.972
A53: nlc_00eeab5cd9f2 | B53: exact_match | C53: exact_match: email or first+last name | D53: 50 | E53: Sherry | F53: Serafin | G53: sherreff@gmail.com | H53: 559-909-7061 | I53: Sherry | J53: 50 | K53: SOUTHWEST C (Central California, South Nevada, Utah) | M53: CFC | N53: Family Ministries (HOLD, SOLD, SFC, CFCY, KFC) | O53: No | R53: 2.9 | S53: 102.9 | T53: Jeffrey Serafin | U53: 1243 E Kelso Ave | V53: 93720 | W53: sherreff@gmail.com | Y53: 102.9 | Z53: 102.9 | AA53: 526805578 | AB53: Ok | AC53: Approved | AD53: 46055.914 | AF53: F-B48L97 | AG53: Sherry | AH53: Serafin | AI53: G2RJ4 | AK53: X | AM53: 46058.878
A54: nlc_f35ce0e7ca3a | B54: possible_match | C54: possible match by lastname (only one NLC with no match) | D54: 50 | E54: Jeff | F54: Serafin | G54: sherreff@gmail.com | H54: 559-909-3351 | I54: Sherry | J54: 50 | K54: SOUTHWEST C (Central California, South Nevada, Utah) | M54: CFC | N54: Family Ministries (HOLD, SOLD, SFC, CFCY, KFC) | O54: No | R54: 2.9 | S54: 102.9 | T54: Jeffrey Serafin | U54: 1243 E Kelso Ave | V54: 93720 | W54: sherreff@gmail.com | Y54: 102.9 | Z54: 102.9 | AA54: 526805578 | AB54: Ok | AC54: Approved | AD54: 46055.914 | AF54: F-R2JB78 | AG54: Jeffrey | AH54: Serafin | AI54: M29B9 | AK54: X | AM54: 46058.878
A55: nlc_673f09a698de | B55: exact_match | C55: exact_match: email or first+last name | D55: 50 | E55: Eugene | F55: De Leon | G55: eldeleonjr77@gmail.com | H55: 760-505-6293 | J55: 50 | K55: SOUTHWEST B (Arizona, Colorado, New Mexico, Southern California) | M55: CFC | N55: Family Ministries (HOLD, SOLD, SFC, CFCY, KFC) | O55: No | R55: 1.45 | S55: 51.45 | T55: Eugene De Leon | U55: 45644 Bergessen Court | V55: 92592 | W55: eldeleonjr77@gmail.com | X55: 1-760-505-6293 | Y55: 51.45 | Z55: 51.45 | AA55: 526760491 | AB55: Ok | AC55: Approved | AD55: 46055.881 | AF55: F-K7PB5N | AG55: EUGENE | AH55: DE LEON | AI55: T34Z2 | AJ55: X | AM55: 46070.498
A56: nlc_cc8b5bd4d73c | D56: 50 | E56: Romel | F56: Hipolito | G56: mrrhsmurf1971@gmail.com | H56: 801-682-3331 | J56: 50 | K56: SOUTHWEST C (Central California, South Nevada, Utah) | M56: CFC | N56: CFC (HH & up) | O56: No | R56: 2.9 | S56: 102.9 | T56: Romel Hipolito | U56: 8765 s McGinnis lane West Jordan Utah | V56: 84081 | W56: Mrrhsmurf1971@gmail.com | Y56: 102.9 | Z56: 102.9 | AA56: 526306231 | AB56: Ok | AC56: Approved | AD56: 46055.72
A57: nlc_5c6996e08808 | D57: 50 | E57: Kate | F57: Hipolito | G57: mrrhsmurf1971@gmail.com | H57: 801-928-6338 | J57: 50 | K57: SOUTHWEST C (Central California, South Nevada, Utah) | M57: CFC | N57: CFC (HH & up) | O57: No | R57: 2.9 | S57: 102.9 | T57: Romel Hipolito | U57: 8765 s McGinnis lane West Jordan Utah | V57: 84081 | W57: Mrrhsmurf1971@gmail.com | Y57: 102.9 | Z57: 102.9 | AA57: 526306231 | AB57: Ok | AC57: Approved | AD57: 46055.72
A58: nlc_bcf6c6b068cb | D58: 50 | E58: Genemar | F58: Simpao | G58: genemar.simpao@gmail.com | H58: 650-766-2361 | J58: 50 | K58: SOUTHWEST A (Alaska, Hawaii, Northern California, North Nevada) | M58: CFC | N58: CFC (HH & up) | O58: No | R58: 1.45 | S58: 51.45 | T58: Ludwig Simpao | U58: 300 San Rey Ave | V58: 94030 | W58: ludwigsimpao@yahoo.com | Y58: 51.45 | Z58: 51.45 | AA58: 526093678 | AB58: Ok | AC58: Approved | AD58: 46055.661
A59: nlc_a8ca9f8bab4a | D59: 50 | E59: Orly | F59: Codilla | G59: orls_bgrck@yahoo.com | H59: 305-667-5028 | J59: 50 | K59: SOUTHWEST C (Central California, South Nevada, Utah) | M59: CFC | N59: CFC (HH & up) | O59: No | S59: 100 | T59: Alena Codilla | U59: 9016 Rockefeller St., Bakersfield CA | V59: 93311 | W59: lenz8627@yahoo.com | Y59: 100 | Z59: 100 | AA59: 525222561 | AB59: Ok | AC59: Approved | AD59: 46055.466
A60: nlc_2b65f7202227 | D60: 50 | E60: Alena | F60: Codilla | G60: lenz8627@yahoo.com | H60: 305-810-9836 | J60: 50 | K60: SOUTHWEST C (Central California, South Nevada, Utah) | M60: CFC | N60: CFC (HH & up) | O60: No | S60: 100 | T60: Alena Codilla | U60: 9016 Rockefeller St., Bakersfield CA | V60: 93311 | W60: lenz8627@yahoo.com | Y60: 100 | Z60: 100 | AA60: 525222561 | AB60: Ok | AC60: Approved | AD60: 46055.466
A61: nlc_aa9acc2d94b6 | B61: possible_match | C61: possible match by lastname (matched to NLC with no match) | D61: 50 | E61: Rey | F61: Reyes | G61: rey.reyes711@gmail.com | H61: 818-900-3058 | J61: 50 | K61: SOUTHWEST A (Alaska, Hawaii, Northern California, North Nevada) | M61: CFC | N61: Family Ministries (HOLD, SOLD, SFC, CFCY, KFC) | O61: No | R61: 2.9 | S61: 102.9 | T61: Basilio Reyes | U61: 14837 Devonshire St Mission Hills | V61: 91345 | W61: Rey.reyes711@gmail.com | X61: 818-900-3058 | Y61: 102.9 | Z61: 102.9 | AA61: 524946163 | AB61: Ok | AC61: Approved | AD61: 46055.418 | AF61: F-C9MS42 | AG61: BASILIO | AH61: REYES | AI61: K2VV5 | AJ61: X | AM61: 46064.373
A62: nlc_f0e4f7041b2e | B62: exact_match | C62: exact_match: email or first+last name | D62: 50 | E62: Lil | F62: Reyes | G62: rey.reyes711@gmail.com | H62: 818-378-6312 | J62: 50 | K62: SOUTHWEST A (Alaska, Hawaii, Northern California, North Nevada) | M62: CFC | N62: Family Ministries (HOLD, SOLD, SFC, CFCY, KFC) | O62: No | R62: 2.9 | S62: 102.9 | T62: Basilio Reyes | U62: 14837 Devonshire St Mission Hills | V62: 91345 | W62: Rey.reyes711@gmail.com | X62: 818-900-3058 | Y62: 102.9 | Z62: 102.9 | AA62: 524946163 | AB62: Ok | AC62: Approved | AD62: 46055.418 | AF62: F-J2ML58 | AG62: Lil | AH62: Reyes | AI62: G2NF2 | AJ62: X | AM62: 46066.512
A63: nlc_f79202cbed34 | D63: 50 | E63: Gregg | F63: Manigque | G63: g.manigque@yahoo.com | H63: 661-496-4583 | I63: None | J63: 50 | K63: SOUTHWEST C (Central California, South Nevada, Utah) | M63: CFC | N63: Family Ministries (HOLD, SOLD, SFC, CFCY, KFC) | O63: Yes | P63: 1 | R63: 2.9 | S63: 102.9 | T63: Hani Manigque | U63: 312 Spirea St. | V63: 93314 | W63: hmanigque@yahoo.com | Y63: 102.9 | Z63: 102.9 | AA63: 519032534 | AB63: Ok | AC63: Approved | AD63: 46054.986
A64: nlc_f1fcbcd3a260 | D64: 50 | E64: Hani | F64: Manigque | G64: hmanigque@yahoo.com | H64: 661-496-4512 | I64: None | J64: 50 | K64: SOUTHWEST C (Central California, South Nevada, Utah) | M64: CFC | N64: Family Ministries (HOLD, SOLD, SFC, CFCY, KFC) | O64: Yes | R64: 2.9 | S64: 102.9 | T64: Hani Manigque | U64: 312 Spirea St. | V64: 93314 | W64: hmanigque@yahoo.com | Y64: 102.9 | Z64: 102.9 | AA64: 519032534 | AB64: Ok | AC64: Approved | AD64: 46054.986
A65: nlc_18ce0c752fdd | D65: 50 | E65: ulysis | F65: Baal | G65: ubaal1961@gmail.com | H65: 1661808479 | J65: 50 | K65: SOUTHWEST C (Central California, South Nevada, Utah) | M65: CFC | N65: CFC (HH & up) | O65: No | R65: 1.45 | S65: 51.45 | T65: Ulysis Baal | U65: 13503 Providence Pl | V65: 93314 | W65: Ubaal1961@gmail.com | X65: 661-808-4739 | Y65: 51.45 | Z65: 51.45 | AA65: 518855576 | AB65: Ok | AC65: Approved | AD65: 46054.855
A66: nlc_5e6ccf54cf6a | D66: 50 | E66: Joseph | F66: Celebrado | G66: jodie93311@gmail.com | H66: 661-487-2059 | J66: 50 | K66: SOUTHWEST C (Central California, South Nevada, Utah) | M66: CFC | N66: CFC (HH & up) | O66: No | R66: 2.9 | S66: 102.9 | T66: Joseph Celebrado | U66: 6118 Catarata St | V66: 93311 | W66: celebradowow@aol.com | X66: 1-661-487-2059 | Y66: 102.9 | Z66: 102.9 | AA66: 518619067 | AB66: Ok | AC66: Approved | AD66: 46054.793
A67: nlc_7973a163fca0 | D67: 50 | E67: Jherine | F67: Celebrado | G67: celebradowow@aol.com | H67: 661-487-2059 | J67: 50 | K67: SOUTHWEST C (Central California, South Nevada, Utah) | M67: CFC | N67: CFC (HH & up) | O67: No | R67: 2.9 | S67: 102.9 | T67: Joseph Celebrado | U67: 6118 Catarata St | V67: 93311 | W67: celebradowow@aol.com | X67: 1-661-487-2059 | Y67: 102.9 | Z67: 102.9 | AA67: 518619067 | AB67: Ok | AC67: Approved | AD67: 46054.793
A68: nlc_2fd9c6176302 | D68: 50 | E68: Adolfo | F68: BELTRAN | G68: bima83@att.net | H68: 707-853-6553 | J68: 50 | K68: SOUTHWEST B (Arizona, Colorado, New Mexico, Southern California) | M68: CFC | N68: CFC (HH & up) | O68: No | R68: 2.9 | S68: 102.9 | T68: Adolfo Beltran | U68: 134 Sanddollar Drive | V68: 94591 | W68: bima83@att.net | X68: 1-707-853-6553 | Y68: 102.9 | Z68: 102.9 | AA68: 517945474 | AB68: Ok | AC68: Approved | AD68: 46054.686
A69: nlc_90a62c02a29c | B69: exact_match | C69: exact_match: email or first+last name | D69: 50 | E69: Imelda | F69: Beltran | G69: bima83@att.net | H69: 707-853-6552 | J69: 50 | K69: SOUTHWEST B (Arizona, Colorado, New Mexico, Southern California) | M69: CFC | N69: CFC (HH & up) | O69: No | R69: 2.9 | S69: 102.9 | T69: Adolfo Beltran | U69: 134 Sanddollar Drive | V69: 94591 | W69: bima83@att.net | X69: 1-707-853-6553 | Y69: 102.9 | Z69: 102.9 | AA69: 517945474 | AB69: Ok | AC69: Approved | AD69: 46054.686 | AF69: F-D46N4D | AG69: Imelda | AH69: Beltran | AI69: S9ZT5 | AK69: X | AM69: 46058.843
A70: nlc_8ddccb096271 | B70: possible_match | C70: possible match by lastname (matched to NLC with no match) | D70: 50 | E70: Paolo | F70: Banzon | G70: pjbanzon@yahoo.com | H70: 650-793-5708 | J70: 50 | K70: SOUTHWEST A (Alaska, Hawaii, Northern California, North Nevada) | M70: CFC | N70: CFC (HH & up) | O70: No | R70: 2.9 | S70: 102.9 | T70: Thomas Banzon | U70: 1529 Day Ave, Unit A | V70: 94403 | W70: thpob77@gmail.com | X70: 1-650-793-5708 | Y70: 102.9 | Z70: 102.9 | AA70: 517776087 | AB70: Ok | AC70: Approved | AD70: 46054.661 | AF70: F-P4MJ8Z | AG70: Pao Jerty | AH70: BANZON | AI70: B76W4 | AL70: X | AM70: 46059.933
A71: nlc_a876e28bf089 | D71: 50 | E71: Jertina | F71: Banzon | G71: pjbanzon@yahoo.com | H71: 650-278-7065 | J71: 50 | K71: SOUTHWEST A (Alaska, Hawaii, Northern California, North Nevada) | M71: CFC | N71: CFC (HH & up) | O71: No | R71: 2.9 | S71: 102.9 | T71: Thomas Banzon | U71: 1529 Day Ave, Unit A | V71: 94403 | W71: thpob77@gmail.com | X71: 1-650-793-5708 | Y71: 102.9 | Z71: 102.9 | AA71: 517776087 | AB71: Ok | AC71: Approved | AD71: 46054.661
A72: nlc_07578ac14e74 | B72: possible_match | C72: possible match by lastname (matched to NLC with no match) | D72: 50 | E72: ARTHUR | F72: GUTIERREZ | G72: arthur.gutierrez@yahoo.com | H72: 310-954-6263 | J72: 50 | K72: SOUTHWEST B (Arizona, Colorado, New Mexico, Southern California) | M72: CFC | N72: CFC (HH & up) | O72: No | R72: 2.9 | S72: 102.9 | T72: Mary Ann Gutierrez | U72: 903 Linley Street | V72: 90502 | W72: maryann.gutierrez@yahoo.com | X72: 1-310-951-3807 | Y72: 102.9 | Z72: 102.9 | AA72: 517428386 | AB72: Ok | AC72: Approved | AD72: 46054.609 | AG72: Art Gutierrez | AI72: B3VH9 | AL72: X | AM72: 46060.349
A73: nlc_84fe901d4ebe | B73: possible_match | C73: possible match by lastname (matched to NLC with no match) | D73: 50 | E73: Mary Ann | F73: Gutierrez | G73: maryann.gutierrez@yahoo.com | H73: 310-951-3807 | J73: 50 | K73: SOUTHWEST B (Arizona, Colorado, New Mexico, Southern California) | M73: CFC | N73: CFC (HH & up) | O73: No | R73: 2.9 | S73: 102.9 | T73: Mary Ann Gutierrez | U73: 903 Linley Street | V73: 90502 | W73: maryann.gutierrez@yahoo.com | X73: 1-310-951-3807 | Y73: 102.9 | Z73: 102.9 | AA73: 517428386 | AB73: Ok | AC73: Approved | AD73: 46054.609 | AG73: Mary Ann Gutierrez | AI73: S8ZR9 | AJ73: X | AM73: 46068.944
A74: nlc_896afb4f6873 | B74: possible_match | C74: possible match by lastname (only one NLC with no match) | D74: 50 | E74: Eduardo | F74: Austria | G74: edaus62@gmail.com | H74: 510-734-2398 | J74: 50 | K74: SOUTHWEST A (Alaska, Hawaii, Northern California, North Nevada) | M74: CFC | N74: CFC (HH & up) | O74: No | R74: 2.9 | S74: 102.9 | T74: Lilian Austria | U74: 214 Falcon Way, Hercules CA | V74: 94547 | W74: Lilianaustria4@gmail.com | Y74: 102.9 | Z74: 102.9 | AA74: 514994140 | AB74: Ok | AC74: Approved | AD74: 46054.433 | AF74: F-V86T74 | AG74: Ed Lilian | AH74: AUSTRIA | AI74: C59P7 | AL74: X | AM74: 46058.883
A75: nlc_9f1f286c6b48 | B75: exact_match | C75: exact_match: email or first+last name | D75: 50 | E75: Lilian | F75: Austria | G75: lilianaustria4@gmail.com | H75: 510-734-2472 | J75: 50 | K75: SOUTHWEST A (Alaska, Hawaii, Northern California, North Nevada) | M75: CFC | N75: CFC (HH & up) | O75: No | R75: 2.9 | S75: 102.9 | T75: Lilian Austria | U75: 214 Falcon Way, Hercules CA | V75: 94547 | W75: Lilianaustria4@gmail.com | Y75: 102.9 | Z75: 102.9 | AA75: 514994140 | AB75: Ok | AC75: Approved | AD75: 46054.433 | AF75: F-S3WQ73 | AG75: Lilian | AH75: Austria | AI75: W95V9 | AK75: X | AM75: 46058.801
A76: nlc_f1d0835e3a0d | B76: exact_match | C76: exact_match: email or first+last name | D76: 50 | E76: Wernel | F76: Remolona | G76: wernel@gmail.com | H76: 707-704-1953 | J76: 50 | K76: SOUTHWEST C (Central California, South Nevada, Utah) | M76: CFC | N76: Others (GOL, CRO, Ablaze, Etc) | O76: No | R76: 2.9 | S76: 102.9 | T76: Alejandro Remolona | U76: 121 Gilmore Dr | V76: 95348 | W76: wernel@gmail.com | Y76: 102.9 | Z76: 102.9 | AA76: 513404569 | AB76: Ok | AC76: Approved | AD76: 46054.394 | AF76: F-V7JX5P | AG76: Wernel | AH76: Remolona | AI76: R7QG2 | AL76: X | AM76: 46067.67
A77: nlc_affc250a235d | B77: exact_match | C77: exact_match: email or first+last name | D77: 50 | E77: Amelyn | F77: Remolona | G77: amremolona@gmail.com | H77: 707-246-9279 | J77: 50 | K77: SOUTHWEST C (Central California, South Nevada, Utah) | M77: CFC | N77: Others (GOL, CRO, Ablaze, Etc) | O77: No | R77: 2.9 | S77: 102.9 | T77: Alejandro Remolona | U77: 121 Gilmore Dr | V77: 95348 | W77: wernel@gmail.com | Y77: 102.9 | Z77: 102.9 | AA77: 513404569 | AB77: Ok | AC77: Approved | AD77: 46054.394 | AF77: F-R2GQ6Z | AG77: Amelyn | AH77: Remolona | AI77: R7QG2 | AL77: X | AM77: 46067.67
A78: nlc_18b9cca6c275 | B78: possible_match | C78: possible match by lastname (matched to NLC with no match) | D78: 50 | E78: Froylan | F78: Toledo | G78: froylantoledo@yahoo.com | H78: 208-713-1989 | J78: 50 | K78: NORTHWEST A (West Washington, East Washington, Oregon, Idaho) | M78: CFC | N78: CFC (HH & up) | O78: Yes | P78: 1 | R78: 2.9 | S78: 102.9 | T78: Froylan Toledo | U78: 7548 W Havana Dr | V78: 83709 | W78: froylantoledo@yahoo.com | X78: 208-713-1989 | Y78: 102.9 | Z78: 102.9 | AA78: 473180411 | AB78: Ok | AC78: Approved | AD78: 46053.871 | AF78: F-M84X76 | AG78: Roy | AH78: Toledo | AI78: R7FZ4 | AJ78: X | AM78: 46062.86
A79: nlc_f690eec74b01 | B79: possible_match | C79: possible match by lastname (only one NLC with no match) | D79: 50 | E79: Adeline | F79: Toledo | G79: adeline.toledo@gmail.com | H79: 208-703-1765 | J79: 50 | K79: NORTHWEST A (West Washington, East Washington, Oregon, Idaho) | M79: CFC | N79: CFC (HH & up) | O79: Yes | R79: 2.9 | S79: 102.9 | T79: Froylan Toledo | U79: 7548 W Havana Dr | V79: 83709 | W79: froylantoledo@yahoo.com | X79: 208-713-1989 | Y79: 102.9 | Z79: 102.9 | AA79: 473180411 | AB79: Ok | AC79: Approved | AD79: 46053.871 | AG79: Addie | AH79: Toledo | AI79: R7FZ4 | AJ79: X | AM79: 46062.86
A80: nlc_39d7dc350eec | B80: exact_match | C80: exact_match: email or first+last name | D80: 50 | E80: vernon | F80: ancheta | G80: vernon_helen@yahoo.com | H80: 831-210-0827 | J80: 50 | K80: SOUTHWEST A (Alaska, Hawaii, Northern California, North Nevada) | M80: CFC | N80: Others (GOL, CRO, Ablaze, Etc) | O80: No | R80: 2.9 | S80: 102.9 | T80: vernon ancheta | U80: 962 Hancock St, salinas, ca | V80: 93906 | W80: vernon_helen@yahoo.com | X80: 831-210-0827 | Y80: 102.9 | Z80: 102.9 | AA80: 473010572 | AB80: Ok | AC80: Approved | AD80: 46053.807 | AF80: F-X6RV95 | AG80: vernon | AH80: ancheta | AI80: F76W3 | AL80: X | AM80: 46067.322
A81: nlc_f82adac1b306 | B81: exact_match | C81: exact_match: email or first+last name | D81: 50 | E81: helen | F81: ancheta | G81: vernon_helen@yahoo.ckm | H81: 831-210-8406 | J81: 50 | K81: SOUTHWEST A (Alaska, Hawaii, Northern California, North Nevada) | M81: CFC | N81: Others (GOL, CRO, Ablaze, Etc) | O81: No | R81: 2.9 | S81: 102.9 | T81: vernon ancheta | U81: 962 Hancock St, salinas, ca | V81: 93906 | W81: vernon_helen@yahoo.com | X81: 831-210-0827 | Y81: 102.9 | Z81: 102.9 | AA81: 473010572 | AB81: Ok | AC81: Approved | AD81: 46053.807 | AF81: F-P8ZD8P | AG81: helen | AH81: ancheta | AI81: M35C7 | AJ81: X | AM81: 46058.815
A82: nlc_2fddc5c86f9a | D82: 50 | E82: Jon | F82: Masinsin | G82: Jdmasinsin@gmail.com | H82: 904-881-7988 | J82: 50 | K82: SOUTHEAST B (Florida, Georgia, Alabama, Mississippi) | M82: CFC | N82: CFC (HH & up) | O82: No | R82: 2.9 | S82: 102.9 | T82: Isabel Masinsin | U82: 3675 Sea Hawk Street East | V82: 32224 | W82: belandjon@gmail.com | Y82: 102.9 | Z82: 102.9 | AA82: 472959609 | AB82: Ok | AC82: Approved | AD82: 46053.791
A83: nlc_183f1252240d | B83: exact_match | C83: exact_match: email or first+last name | D83: 50 | E83: Bel | F83: Masinsin | G83: belandjon@gmail.com | H83: 904-434-2169 | J83: 50 | K83: SOUTHEAST B (Florida, Georgia, Alabama, Mississippi) | M83: CFC | N83: CFC (HH & up) | O83: No | R83: 2.9 | S83: 102.9 | T83: Isabel Masinsin | U83: 3675 Sea Hawk Street East | V83: 32224 | W83: belandjon@gmail.com | Y83: 102.9 | Z83: 102.9 | AA83: 472959609 | AB83: Ok | AC83: Approved | AD83: 46053.791 | AF83: F-L3KX6T | AG83: Bel | AH83: Masinsin | AI83: F6QS4 | AK83: X | AM83: 46063.711
A84: nlc_07c2243f258a | D84: 50 | E84: Joe | F84: Millares | G84: 4squaretag@gmail.com | H84: 408-824-4453 | J84: 50 | K84: SOUTHWEST A (Alaska, Hawaii, Northern California, North Nevada) | M84: CFC | N84: CFC (HH & up) | O84: No | R84: 2.9 | S84: 102.9 | T84: Jose Millares | U84: 3389 Braden Ct | V84: 95148 | W84: 4squaretag@gmail.com | X84: 408-824-4453 | Y84: 102.9 | Z84: 102.9 | AA84: 472591116 | AB84: Ok | AC84: Approved | AD84: 46053.692
A85: nlc_967f456a7564 | D85: 50 | E85: Beth | F85: Millares | G85: ebmillares@aol.com | H85: 408-930-3090 | J85: 50 | K85: SOUTHWEST A (Alaska, Hawaii, Northern California, North Nevada) | M85: CFC | N85: CFC (HH & up) | O85: No | R85: 2.9 | S85: 102.9 | T85: Jose Millares | U85: 3389 Braden Ct | V85: 95148 | W85: 4squaretag@gmail.com | X85: 408-824-4453 | Y85: 102.9 | Z85: 102.9 | AA85: 472591116 | AB85: Ok | AC85: Approved | AD85: 46053.692
A86: nlc_48e5a3426c32 | B86: possible_match | C86: possible match by lastname (matched to NLC with no match) | D86: 50 | E86: EGGAY | F86: GONDA | G86: eggaymadelgonda@gmail.com | H86: 323-600-4618 | J86: 50 | K86: SOUTHWEST B (Arizona, Colorado, New Mexico, Southern California) | M86: CFC | N86: CFC (HH & up) | O86: No | S86: 100 | T86: MADEL GONDA | U86: 110 N RICHMONT DR | V86: 92801 | W86: madelzgonda@gmail.com | Y86: 100 | Z86: 100 | AA86: 472287485 | AB86: Ok | AC86: Approved | AD86: 46053.624 | AF86: F-R6SR66 | AG86: EDWARD ANICETO | AH86: GONDA | AI86: B2GK3 | AJ86: X | AM86: 46070.396
A87: nlc_d2c46023a641 | B87: exact_match | C87: exact_match: email or first+last name | D87: 50 | E87: MADEL | F87: GONDA | G87: eggaymadelgonda@gmail.com | H87: 323-236-2110 | J87: 50 | K87: SOUTHWEST B (Arizona, Colorado, New Mexico, Southern California) | M87: CFC | N87: CFC (HH & up) | O87: No | S87: 100 | T87: MADEL GONDA | U87: 110 N RICHMONT DR | V87: 92801 | W87: madelzgonda@gmail.com | Y87: 100 | Z87: 100 | AA87: 472287485 | AB87: Ok | AC87: Approved | AD87: 46053.624 | AF87: F-F3CV6K | AG87: Madel | AH87: Gonda | AI87: C3KH6 | AK87: X | AM87: 46058.842
A88: nlc_11bd1598b917 | D88: 50 | E88: Raymund | F88: Mencias | G88: rtmencias85@gmail.com | H88: 480-868-1350 | I88: Eunice | J88: 50 | K88: SOUTHWEST B (Arizona, Colorado, New Mexico, Southern California) | M88: CFC | N88: Family Ministries (HOLD, SOLD, SFC, CFCY, KFC) | O88: Yes | P88: 2 | R88: 2.9 | S88: 102.9 | T88: Eunice Apacible-Mencias | U88: 10102 E Tesla Ave | V88: 85212 | W88: euniceapacible@gmail.com | X88: 480-878-9137 | Y88: 102.9 | Z88: 102.9 | AA88: 472269857 | AB88: Ok | AC88: Approved | AD88: 46053.62
A89: nlc_246f197aa849 | D89: 50 | E89: Eunice | F89: Mencias | G89: euniceapacible@gmail.com | H89: 480-878-9137 | I89: Eunice | J89: 50 | K89: SOUTHWEST B (Arizona, Colorado, New Mexico, Southern California) | M89: CFC | N89: Family Ministries (HOLD, SOLD, SFC, CFCY, KFC) | O89: Yes | R89: 2.9 | S89: 102.9 | T89: Eunice Apacible-Mencias | U89: 10102 E Tesla Ave | V89: 85212 | W89: euniceapacible@gmail.com | X89: 480-878-9137 | Y89: 102.9 | Z89: 102.9 | AA89: 472269857 | AB89: Ok | AC89: Approved | AD89: 46053.62
A90: nlc_a130dc969c18 | B90: exact_match | C90: exact_match: email or first+last name | D90: 50 | E90: Sally | F90: Sucgang | G90: sallysucgang@gmail.com | H90: 240-899-5571 | I90: Sally | J90: 50 | K90: NORTHEAST B (Maryland, Virginia, West Virginia, Washington DC, Ohio) | M90: CFC | N90: Family Ministries (HOLD, SOLD, SFC, CFCY, KFC) | O90: No | R90: 1.45 | S90: 51.45 | T90: Sally Sucgang | U90: 3619 Sweetbush Trail | V90: 20724 | W90: sallysucgang@gmail.com | X90: 240-899-5571 | Y90: 51.45 | Z90: 51.45 | AA90: 470668986 | AB90: Ok | AC90: Approved | AD90: 46053.295 | AF90: F-B9LS7F | AG90: Sally | AH90: Sucgang | AI90: S2WP9 | AK90: X | AM90: 46055.766
A91: nlc_7416c44461c5 | B91: exact_match | C91: exact_match: email or first+last name | D91: 50 | E91: Mc Connell | F91: Patayon | G91: mcpatayon@yahoo.com | H91: 925-202-3931 | J91: 50 | K91: SOUTHWEST A (Alaska, Hawaii, Northern California, North Nevada) | M91: SOLD | N91: Family Ministries (HOLD, SOLD, SFC, CFCY, KFC) | O91: No | R91: 1.45 | S91: 51.45 | T91: Mc Connell Patayon | U91: 7693 Donohue Drive | V91: 94568 | W91: mcpatayon@yahoo.com | Y91: 51.45 | Z91: 51.45 | AA91: 466126273 | AB91: Ok | AC91: Approved | AD91: 46052.76 | AF91: F-Q5JC6S | AG91: Mc Connell | AH91: Patayon | AI91: V5SW3 | AL91: X | AM91: 46058.863
A92: nlc_cff891dd312b | B92: exact_match | C92: exact_match: email or first+last name | D92: 50 | E92: Edgar | F92: De Loyola | G92: edgarde_L@yahoo.com | H92: 510-432-5415 | J92: 50 | K92: SOUTHWEST A (Alaska, Hawaii, Northern California, North Nevada) | M92: CFC | N92: CFC (HH & up) | O92: No | R92: 2.9 | S92: 102.9 | T92: Sheba Arce-Teope | U92: 32 Riverwood Court | V92: 94561 | W92: shebaarceteope@yahoo.com | X92: 1-650-740-4129 | Y92: 102.9 | Z92: 102.9 | AA92: 466013386 | AB92: Ok | AC92: Approved | AD92: 46052.73 | AF92: F-D8DZ2K | AG92: Edgar | AH92: De Loyola | AI92: T96N5 | AJ92: X | AM92: 46070.415
A93: nlc_b2ab541dd909 | B93: exact_match | C93: exact_match: email or first+last name | D93: 50 | E93: Alice | F93: De Loyola | G93: deloyola_ed@yahoo.com | H93: 510-931-0487 | J93: 50 | K93: SOUTHWEST A (Alaska, Hawaii, Northern California, North Nevada) | M93: CFC | N93: CFC (HH & up) | O93: No | R93: 2.9 | S93: 102.9 | T93: Sheba Arce-Teope | U93: 32 Riverwood Court | V93: 94561 | W93: shebaarceteope@yahoo.com | X93: 1-650-740-4129 | Y93: 102.9 | Z93: 102.9 | AA93: 466013386 | AB93: Ok | AC93: Approved | AD93: 46052.73 | AF93: F-C4JJ62 | AG93: Alice | AH93: De Loyola | AI93: G2ZB9 | AL93: X | AM93: 46070.412
A94: nlc_40e1504df2cd | B94: possible_match | C94: possible match by lastname (matched to NLC with no match) | D94: 50 | E94: Peter | F94: Ong | G94: peterluong120@gmail.com | H94: 510-708-6976 | I94: Seafood allergy | J94: 50 | K94: SOUTHWEST A (Alaska, Hawaii, Northern California, North Nevada) | M94: CFC | N94: CFC (HH & up) | O94: No | R94: 2.9 | S94: 102.9 | T94: Esther Ong | U94: 235 Brighton Street | V94: 94547 | W94: estherto@comcast.net | X94: 1-510-367-9708 | Y94: 102.9 | Z94: 102.9 | AA94: 465362506 | AB94: Ok | AC94: Approved | AD94: 46052.584 | AF94: F-G35K2D | AG94: Peter Esther | AH94: ONG | AI94: P5XP9 | AJ94: X | AM94: 46055.452
A95: nlc_cdee49a796c0 | D95: 50 | E95: Esther | F95: Ong | G95: estherto@comcast.net | H95: 510-367-9708 | I95: NA | J95: 50 | K95: SOUTHWEST A (Alaska, Hawaii, Northern California, North Nevada) | M95: CFC | N95: CFC (HH & up) | O95: No | R95: 2.9 | S95: 102.9 | T95: Esther Ong | U95: 235 Brighton Street | V95: 94547 | W95: estherto@comcast.net | X95: 1-510-367-9708 | Y95: 102.9 | Z95: 102.9 | AA95: 465362506 | AB95: Ok | AC95: Approved | AD95: 46052.584
A96: nlc_b4e345b41899 | D96: 50 | E96: Alan | F96: Deiparine | G96: alandeiparine@gmail.com | H96: 443-939-7656 | I96: Alan | J96: 50 | K96: NORTHEAST B (Maryland, Virginia, West Virginia, Washington DC, Ohio) | M96: CFC | N96: CFC (HH & up) | O96: No | R96: 1.45 | S96: 51.45 | T96: Alan Deiparine | U96: 9927 Britinay Lane | V96: 21234 | W96: alandeiparine@gmail.com | X96: 443-939-7656 | Y96: 51.45 | Z96: 51.45 | AA96: 464684619 | AB96: Ok | AC96: Approved | AD96: 46052.453
A97: nlc_7bad7e9b1e7e | B97: exact_match | C97: exact_match: email or first+last name | D97: 50 | E97: Marlon | F97: Cadag | G97: nolramcfc@yahoo.com | H97: 862-703-9152 | I97: Crustacean Food | J97: 50 | K97: NORTHEAST C (New Jersey, Delaware, West Pennsylvania, East Pennsylvania) | M97: CFC | N97: FIG | O97: No | S97: 100 | T97: MARLON CADAG | U97: 24 NAIRN PL | V97: 7110 | W97: nolramcfc@yahoo.com | X97: 1-973-661-0284 | Y97: 100 | Z97: 100 | AA97: 458603750 | AB97: Ok | AC97: Approved | AD97: 46051.802 | AF97: F-J4VR85 | AG97: Marlon | AH97: Cadag | AI97: F92R6 | AJ97: X | AM97: 46067.855
A98: nlc_ef7cc94afed3 | D98: 50 | E98: Coco | F98: Cadag | G98: nolramcfc@yahoo.com | H98: 862-703-9150 | J98: 50 | K98: NORTHEAST C (New Jersey, Delaware, West Pennsylvania, East Pennsylvania) | M98: CFC | N98: FIG | O98: No | S98: 100 | T98: MARLON CADAG | U98: 24 NAIRN PL | V98: 7110 | W98: nolramcfc@yahoo.com | X98: 1-973-661-0284 | Y98: 100 | Z98: 100 | AA98: 458603750 | AB98: Ok | AC98: Approved | AD98: 46051.802
A99: nlc_47d9fafffafe | D99: 50 | E99: JUN | F99: FAUSTINO | G99: junanne423@gmail.com | H99: 510-329-5623 | J99: 50 | K99: SOUTHWEST A (Alaska, Hawaii, Northern California, North Nevada) | M99: CFC | N99: Others (GOL, CRO, Ablaze, Etc) | O99: No | R99: 2.9 | S99: 102.9 | T99: JOSE FAUSTINO | U99: 154 ROYAL CT. , VALLEJO, CA | V99: 94591 | W99: junanne423@gmail.com | Y99: 102.9 | Z99: 102.9 | AA99: 458582280 | AB99: Ok | AC99: Approved | AD99: 46051.796
A100: nlc_23227fd9768c | B100: exact_match | C100: exact_match: email or first+last name | D100: 50 | E100: ANNE | F100: FAUSTINO | G100: junanne423@gmail.com | H100: 510-508-3250 | J100: 50 | K100: SOUTHWEST A (Alaska, Hawaii, Northern California, North Nevada) | M100: CFC | N100: Others (GOL, CRO, Ablaze, Etc) | O100: No | R100: 2.9 | S100: 102.9 | T100: JOSE FAUSTINO | U100: 154 ROYAL CT. , VALLEJO, CA | V100: 94591 | W100: junanne423@gmail.com | Y100: 102.9 | Z100: 102.9 | AA100: 458582280 | AB100: Ok | AC100: Approved | AD100: 46051.796 | AF100: F-R64V9S | AG100: ANNE | AH100: FAUSTINO | AI100: D92Z5 | AK100: X | AM100: 46059.492
...
